time_range,day_of_week,month,mode_of_transport,geohash,direction
18-21,TUESDAY,8,BUS,u0m70dcm,EAST
18-21,TUESDAY,8,BUS,u0m70ddq,NORTH_WEST
18-21,TUESDAY,8,BUS,u0m70dfh,EAST
6-9,WEDNESDAY,8,ON_BICYCLE,u0m70fqv,NORTH_EAST
6-9,WEDNESDAY,8,ON_BICYCLE,u0m70fqk,EAST
6-9,WEDNESDAY,8,ON_BICYCLE,u0m70fx8,EAST
6-9,WEDNESDAY,8,ON_BICYCLE,u0m70fk1,EAST
6-9,WEDNESDAY,8,ON_BICYCLE,u0m70f62,EAST
6-9,WEDNESDAY,8,ON_BICYCLE,u0m70f30,EAST
6-9,WEDNESDAY,8,ON_BICYCLE,u0m70fm6,EAST
6-9,WEDNESDAY,8,ON_BICYCLE,u0m70f79,EAST
6-9,WEDNESDAY,8,ON_BICYCLE,u0m70f6b,EAST
6-9,WEDNESDAY,8,ON_BICYCLE,u0m70fk9,EAST
6-9,WEDNESDAY,8,ON_BICYCLE,u0m70f38,EAST
6-9,WEDNESDAY,8,ON_BICYCLE,u0m714t2,EAST
6-9,WEDNESDAY,8,ON_BICYCLE,u0m714mz,EAST
6-9,WEDNESDAY,8,ON_BICYCLE,u0m714x7,NORTH_EAST
6-9,WEDNESDAY,8,ON_BICYCLE,u0m714wc,EAST
6-9,WEDNESDAY,8,ON_BICYCLE,u0m714xq,SOUTH
6-9,WEDNESDAY,8,ON_BICYCLE,u0m714x6,NORTH
6-9,WEDNESDAY,8,ON_BICYCLE,u0m714qr,NORTH_EAST
6-9,WEDNESDAY,8,ON_BICYCLE,u0m714s8,EAST
9-12,WEDNESDAY,8,WALKING,u0m44z8d,SOUTH_EAST
9-12,WEDNESDAY,8,WALKING,u0m44xzv,SOUTH
9-12,WEDNESDAY,8,WALKING,u0m44yg8,SOUTH_EAST
9-12,WEDNESDAY,8,WALKING,u0m44xzz,SOUTH_EAST
9-12,WEDNESDAY,8,WALKING,u0m44ys5,EAST
9-12,WEDNESDAY,8,WALKING,u0m44z34,SOUTH_EAST
9-12,WEDNESDAY,8,WALKING,u0m44z8k,SOUTH_EAST
9-12,WEDNESDAY,8,WALKING,u0m44z2z,SOUTH_EAST
9-12,WEDNESDAY,8,WALKING,u0m44yey,SOUTH_EAST
9-12,WEDNESDAY,8,WALKING,u0m44yg4,SOUTH_EAST
9-12,WEDNESDAY,8,WALKING,u0m44yfu,SOUTH_EAST
9-12,WEDNESDAY,8,WALKING,u0m44z1g,SOUTH_EAST
9-12,WEDNESDAY,8,WALKING,u0m44z32,SOUTH_EAST
9-12,WEDNESDAY,8,WALKING,u0m44z2v,SOUTH
9-12,WEDNESDAY,8,WALKING,u0m44zb4,SOUTH_EAST
9-12,WEDNESDAY,8,WALKING,u0m44z43,SOUTH_EAST
9-12,WEDNESDAY,8,WALKING,u0m44yfw,SOUTH_EAST
9-12,WEDNESDAY,8,WALKING,u0m44z8r,SOUTH_EAST
9-12,WEDNESDAY,8,WALKING,u0m44z1t,SOUTH_EAST
6-9,WEDNESDAY,8,ON_BICYCLE,u0m71486,EAST
9-12,WEDNESDAY,8,WALKING,u0m7099u,WEST
9-12,WEDNESDAY,8,WALKING,u0m4zt41,SOUTH_WEST
9-12,WEDNESDAY,8,WALKING,u0m700we,SOUTH_WEST
9-12,WEDNESDAY,8,WALKING,u0m4z1rz,SOUTH_EAST
9-12,WEDNESDAY,8,WALKING,u0m4z7xh,SOUTH_WEST
9-12,WEDNESDAY,8,WALKING,u0m4zyyw,SOUTH_WEST
9-12,WEDNESDAY,8,WALKING,u0m4y8jh,WEST
9-12,WEDNESDAY,8,WALKING,u0m70gnk,SOUTH_WEST
9-12,WEDNESDAY,8,WALKING,u0m4xrdz,WEST
15-18,WEDNESDAY,8,TRAIN,u0m714tt,EAST
15-18,WEDNESDAY,8,TRAIN,u0m70gnj,SOUTH_EAST
15-18,WEDNESDAY,8,TRAIN,u0m70dzq,NORTH_EAST
15-18,WEDNESDAY,8,TRAIN,u0m4tv04,EAST
15-18,WEDNESDAY,8,TRAIN,u0m7029n,NORTH_EAST
15-18,WEDNESDAY,8,TRAIN,u0m4zye0,NORTH_EAST
15-18,WEDNESDAY,8,TRAIN,u0m70dy9,NORTH_EAST
15-18,WEDNESDAY,8,TRAIN,u0m714bh,SOUTH_EAST
15-18,WEDNESDAY,8,TRAIN,u0m4z299,NORTH
15-18,WEDNESDAY,8,TRAIN,u0m714s5,EAST
15-18,WEDNESDAY,8,TRAIN,u0m4z29e,NORTH_EAST
15-18,WEDNESDAY,8,TRAIN,u0m714wq,EAST
15-18,WEDNESDAY,8,TRAIN,u0m700ju,NORTH_EAST
15-18,WEDNESDAY,8,TRAIN,u0m703w1,NORTH_EAST
15-18,WEDNESDAY,8,TRAIN,u0m714dh,EAST
15-18,WEDNESDAY,8,TRAIN,u0m714wy,SOUTH_EAST
15-18,WEDNESDAY,8,TRAIN,u0m4ef7v,EAST
15-18,WEDNESDAY,8,TRAIN,u0m70g75,EAST
18-21,WEDNESDAY,8,ON_BICYCLE,u0m70fx0,EAST
18-21,WEDNESDAY,8,ON_BICYCLE,u0m70f68,EAST
18-21,WEDNESDAY,8,ON_BICYCLE,u0m715vq,NORTH_EAST
18-21,WEDNESDAY,8,ON_BICYCLE,u0m715s1,NORTH_EAST
21-0,WEDNESDAY,8,ON_BICYCLE,u0m7151d,SOUTH
21-0,WEDNESDAY,8,ON_BICYCLE,u0m70fmb,WEST
21-0,WEDNESDAY,8,ON_BICYCLE,u0m7149n,SOUTH_WEST
21-0,WEDNESDAY,8,ON_BICYCLE,u0m70dnz,SOUTH
9-12,THURSDAY,8,ON_BICYCLE,u0m7068b,NORTH_WEST
9-12,THURSDAY,8,ON_BICYCLE,u0m5p59v,WEST
9-12,THURSDAY,8,ON_BICYCLE,u0m704f4,WEST
9-12,THURSDAY,8,ON_BICYCLE,u0m5p74m,NORTH_WEST
9-12,THURSDAY,8,ON_BICYCLE,u0m5p6z0,WEST
9-12,THURSDAY,8,ON_BICYCLE,u0m703un,NORTH_WEST
9-12,THURSDAY,8,ON_BICYCLE,u0m5pfsk,WEST
9-12,THURSDAY,8,ON_BICYCLE,u0m704y3,WEST
9-12,THURSDAY,8,ON_BICYCLE,u0m5n59s,NORTH
9-12,THURSDAY,8,ON_BICYCLE,u0m5nesr,WEST
9-12,THURSDAY,8,ON_BICYCLE,u0m5jsk8,WEST
9-12,THURSDAY,8,ON_BICYCLE,u0m709gk,WEST
9-12,THURSDAY,8,ON_BICYCLE,u0m5ngzb,NORTH_WEST
9-12,THURSDAY,8,ON_BICYCLE,u0m5jkhc,WEST
9-12,THURSDAY,8,ON_BICYCLE,u0m5pdw8,WEST
9-12,THURSDAY,8,ON_BICYCLE,u0m5n73x,WEST
9-12,THURSDAY,8,ON_BICYCLE,u0m5pdt1,WEST
9-12,THURSDAY,8,ON_BICYCLE,u0m5ne9n,WEST
9-12,THURSDAY,8,ON_BICYCLE,u0m5n7wm,WEST
9-12,THURSDAY,8,ON_BICYCLE,u0m5p72s,WEST
9-12,THURSDAY,8,ON_BICYCLE,u0m5n54w,WEST
9-12,THURSDAY,8,ON_BICYCLE,u0m7065h,NORTH_WEST
9-12,THURSDAY,8,ON_BICYCLE,u0m5nezc,WEST
9-12,THURSDAY,8,ON_BICYCLE,u0m5jsr1,WEST
9-12,THURSDAY,8,ON_BICYCLE,u0m7068q,NORTH_WEST
9-12,THURSDAY,8,ON_BICYCLE,u0m5pds4,WEST
9-12,THURSDAY,8,ON_BICYCLE,u0m5j5wt,SOUTH_WEST
9-12,THURSDAY,8,ON_BICYCLE,u0m5p5qq,WEST
9-12,THURSDAY,8,ON_BICYCLE,u0m5n5rv,WEST
9-12,THURSDAY,8,ON_BICYCLE,u0m5jupt,WEST
9-12,THURSDAY,8,ON_BICYCLE,u0m5ngc1,WEST
9-12,THURSDAY,8,ON_BICYCLE,u0m5ngvw,WEST
9-12,THURSDAY,8,ON_BICYCLE,u0m704g9,WEST
9-12,THURSDAY,8,ON_BICYCLE,u0m70664,NORTH_WEST
9-12,THURSDAY,8,ON_BICYCLE,u0m704zd,WEST
9-12,THURSDAY,8,ON_BICYCLE,u0m5ngyv,WEST
9-12,THURSDAY,8,ON_BICYCLE,u0m5n531,NORTH_EAST
9-12,THURSDAY,8,ON_BICYCLE,u0m5j5me,SOUTH_WEST
9-12,THURSDAY,8,ON_BICYCLE,u0m5nh1b,WEST
9-12,THURSDAY,8,ON_BICYCLE,u0m5n7e3,WEST
9-12,THURSDAY,8,ON_BICYCLE,u0m5p6vj,WEST
9-12,THURSDAY,8,ON_BICYCLE,u0m5pd9e,WEST
9-12,THURSDAY,8,ON_BICYCLE,u0m5p753,NORTH_WEST
9-12,THURSDAY,8,ON_BICYCLE,u0m5pfdt,WEST
9-12,THURSDAY,8,ON_BICYCLE,u0m704b9,WEST
9-12,THURSDAY,8,ON_BICYCLE,u0m5ngf3,WEST
9-12,THURSDAY,8,ON_BICYCLE,u0m704v0,WEST
9-12,THURSDAY,8,ON_BICYCLE,u0m5n5k8,WEST
9-12,THURSDAY,8,ON_BICYCLE,u0m703tb,WEST
9-12,THURSDAY,8,ON_BICYCLE,u0m5pd8e,WEST
9-12,THURSDAY,8,ON_BICYCLE,u0m709ur,SOUTH_WEST
9-12,THURSDAY,8,ON_BICYCLE,u0m5p5rt,WEST
9-12,THURSDAY,8,ON_BICYCLE,u0m5p73d,WEST
9-12,THURSDAY,8,ON_BICYCLE,u0m5j7b7,SOUTH_WEST
9-12,THURSDAY,8,ON_BICYCLE,u0m5ju3c,WEST
9-12,THURSDAY,8,ON_BICYCLE,u0m703v0,NORTH_WEST
9-12,THURSDAY,8,ON_BICYCLE,u0m704b0,WEST
9-12,THURSDAY,8,ON_BICYCLE,u0m5nevb,WEST
9-12,THURSDAY,8,ON_BICYCLE,u0m5j7fr,WEST
9-12,THURSDAY,8,ON_BICYCLE,u0m703xd,WEST
9-12,THURSDAY,8,ON_BICYCLE,u0m5pde6,WEST
9-12,THURSDAY,8,ON_BICYCLE,u0m703t1,NORTH
9-12,THURSDAY,8,ON_BICYCLE,u0m703qr,WEST
9-12,THURSDAY,8,ON_BICYCLE,u0m5j5j0,SOUTH_WEST
9-12,THURSDAY,8,ON_BICYCLE,u0m7098w,SOUTH_WEST
9-12,THURSDAY,8,ON_BICYCLE,u0m5js4n,WEST
9-12,THURSDAY,8,ON_BICYCLE,u0m5p6ur,WEST
9-12,THURSDAY,8,ON_BICYCLE,u0m5pfxn,WEST
9-12,THURSDAY,8,ON_BICYCLE,u0m5p5ed,WEST
9-12,THURSDAY,8,ON_BICYCLE,u0m5pdd6,WEST
9-12,THURSDAY,8,ON_BICYCLE,u0m5nggg,WEST
9-12,THURSDAY,8,ON_BICYCLE,u0m5p6y4,WEST
9-12,THURSDAY,8,ON_BICYCLE,u0m5n7t5,WEST
9-12,THURSDAY,8,ON_BICYCLE,u0m709c9,WEST
9-12,THURSDAY,8,ON_BICYCLE,u0m5pf8c,WEST
9-12,THURSDAY,8,ON_BICYCLE,u0m5jkpm,WEST
9-12,THURSDAY,8,ON_BICYCLE,u0m5p6xv,WEST
9-12,THURSDAY,8,ON_BICYCLE,u0m709vr,WEST
9-12,THURSDAY,8,ON_BICYCLE,u0m5nedx,WEST
9-12,THURSDAY,8,ON_BICYCLE,u0m5neyc,WEST
9-12,THURSDAY,8,ON_BICYCLE,u0m5n5q5,WEST
9-12,THURSDAY,8,ON_BICYCLE,u0m5p5sc,WEST
9-12,THURSDAY,8,ON_BICYCLE,u0m5juhx,WEST
9-12,THURSDAY,8,ON_BICYCLE,u0m5n7xv,WEST
9-12,THURSDAY,8,ON_BICYCLE,u0m709ff,WEST
9-12,THURSDAY,8,ON_BICYCLE,u0m5pfw5,WEST
9-12,THURSDAY,8,ON_BICYCLE,u0m596jk,NORTH
9-12,THURSDAY,8,ON_BICYCLE,u0m53ubx,WEST
9-12,THURSDAY,8,ON_BICYCLE,u0m53tjt,WEST
9-12,THURSDAY,8,ON_BICYCLE,u0m567ud,WEST
9-12,THURSDAY,8,ON_BICYCLE,u0m571mb,EAST
9-12,THURSDAY,8,ON_BICYCLE,u0m5h7nv,NORTH_WEST
9-12,THURSDAY,8,ON_BICYCLE,u0m572b6,NORTH_WEST
9-12,THURSDAY,8,ON_BICYCLE,u0m55w5j,SOUTH_WEST
9-12,THURSDAY,8,ON_BICYCLE,u0m570rj,NORTH_EAST
9-12,THURSDAY,8,ON_BICYCLE,u0m55tcm,WEST
9-12,THURSDAY,8,ON_BICYCLE,u0m56g13,WEST
9-12,THURSDAY,8,ON_BICYCLE,u0m55z93,WEST
9-12,THURSDAY,8,ON_BICYCLE,u0m592x7,NORTH
9-12,THURSDAY,8,ON_BICYCLE,u0m53ugy,WEST
9-12,THURSDAY,8,ON_BICYCLE,u0m5hjt6,NORTH_WEST
9-12,THURSDAY,8,ON_BICYCLE,u0m53qjy,NORTH
9-12,THURSDAY,8,ON_BICYCLE,u0m53mxq,NORTH_WEST
9-12,THURSDAY,8,ON_BICYCLE,u0m55tcx,SOUTH_WEST
9-12,THURSDAY,8,ON_BICYCLE,u0m55yjb,NORTH_WEST
9-12,THURSDAY,8,ON_BICYCLE,u0m571w6,NORTH_WEST
9-12,THURSDAY,8,ON_BICYCLE,u0m5hjpk,NORTH_WEST
9-12,THURSDAY,8,ON_BICYCLE,u0m53tnk,WEST
9-12,THURSDAY,8,ON_BICYCLE,u0m56he4,WEST
9-12,THURSDAY,8,ON_BICYCLE,u0m53rwf,NORTH
9-12,THURSDAY,8,ON_BICYCLE,u0m596yd,NORTH_EAST
9-12,THURSDAY,8,ON_BICYCLE,u0m571ht,EAST
9-12,THURSDAY,8,ON_BICYCLE,u0m55wkj,SOUTH_WEST
9-12,THURSDAY,8,ON_BICYCLE,u0m55z6g,NORTH_WEST
9-12,THURSDAY,8,ON_BICYCLE,u0m53t5m,WEST
9-12,THURSDAY,8,ON_BICYCLE,u0m56fg5,NORTH_WEST
9-12,THURSDAY,8,ON_BICYCLE,u0m55r40,NORTH_WEST
9-12,THURSDAY,8,ON_BICYCLE,u0m593wp,NORTH_WEST
9-12,THURSDAY,8,ON_BICYCLE,u0m5741h,NORTH_WEST
9-12,THURSDAY,8,ON_BICYCLE,u0m53uz1,WEST
9-12,THURSDAY,8,ON_BICYCLE,u0m55xq6,SOUTH
9-12,THURSDAY,8,ON_BICYCLE,u0m56k45,NORTH_WEST
9-12,THURSDAY,8,ON_BICYCLE,u0m570zq,WEST
9-12,THURSDAY,8,ON_BICYCLE,u0m567ry,WEST
9-12,THURSDAY,8,ON_BICYCLE,u0m56e35,WEST
9-12,THURSDAY,8,ON_BICYCLE,u0m5hkb9,NORTH_WEST
9-12,THURSDAY,8,ON_BICYCLE,u0m597ry,NORTH_WEST
9-12,THURSDAY,8,ON_BICYCLE,u0m55qhf,NORTH_WEST
9-12,THURSDAY,8,ON_BICYCLE,u0m55ykc,NORTH_WEST
9-12,THURSDAY,8,ON_BICYCLE,u0m5hkh8,NORTH_WEST
9-12,THURSDAY,8,ON_BICYCLE,u0m56enr,WEST
9-12,THURSDAY,8,ON_BICYCLE,u0m56fst,NORTH_WEST
9-12,THURSDAY,8,ON_BICYCLE,u0m55wtn,SOUTH_WEST
9-12,THURSDAY,8,ON_BICYCLE,u0m593rj,NORTH_WEST
9-12,THURSDAY,8,ON_BICYCLE,u0m55r8f,NORTH_WEST
9-12,THURSDAY,8,ON_BICYCLE,u0m53t2k,NORTH_WEST
9-12,THURSDAY,8,ON_BICYCLE,u0m55tb5,WEST
9-12,THURSDAY,8,ON_BICYCLE,u0m571rs,NORTH_WEST
9-12,THURSDAY,8,ON_BICYCLE,u0m53myw,NORTH_WEST
9-12,THURSDAY,8,ON_BICYCLE,u0m55qfc,NORTH_WEST
9-12,THURSDAY,8,ON_BICYCLE,u0m53qt8,NORTH
9-12,THURSDAY,8,ON_BICYCLE,u0m5hk9c,NORTH_WEST
9-12,THURSDAY,8,ON_BICYCLE,u0m56k1p,WEST
9-12,THURSDAY,8,ON_BICYCLE,u0m56fw0,NORTH_WEST
9-12,THURSDAY,8,ON_BICYCLE,u0m53t1w,NORTH_WEST
9-12,THURSDAY,8,ON_BICYCLE,u0m53qvc,NORTH
9-12,THURSDAY,8,ON_BICYCLE,u0m597ph,NORTH_EAST
9-12,THURSDAY,8,ON_BICYCLE,u0m571u3,NORTH_WEST
9-12,THURSDAY,8,ON_BICYCLE,u0m55yeu,NORTH
9-12,THURSDAY,8,ON_BICYCLE,u0m5hjqn,NORTH_WEST
9-12,THURSDAY,8,ON_BICYCLE,u0m571fz,NORTH_WEST
9-12,THURSDAY,8,ON_BICYCLE,u0m55qk0,NORTH_WEST
9-12,THURSDAY,8,ON_BICYCLE,u0m55vzd,NORTH_WEST
9-12,THURSDAY,8,ON_BICYCLE,u0m571r5,EAST
9-12,THURSDAY,8,ON_BICYCLE,u0m571jg,WEST
9-12,THURSDAY,8,ON_BICYCLE,u0m5hjfb,WEST
9-12,THURSDAY,8,ON_BICYCLE,u0m56hrf,WEST
9-12,THURSDAY,8,ON_BICYCLE,u0m55pzf,NORTH_WEST
9-12,THURSDAY,8,ON_BICYCLE,u0m570q1,NORTH_EAST
9-12,THURSDAY,8,ON_BICYCLE,u0m53rnk,NORTH
9-12,THURSDAY,8,ON_BICYCLE,u0m567we,NORTH_WEST
9-12,THURSDAY,8,ON_BICYCLE,u0m55r39,NORTH_WEST
9-12,THURSDAY,8,ON_BICYCLE,u0m592z5,NORTH
9-12,THURSDAY,8,ON_BICYCLE,u0m56e68,WEST
9-12,THURSDAY,8,ON_BICYCLE,u0m55myx,WEST
9-12,THURSDAY,8,ON_BICYCLE,u0m55z56,NORTH
9-12,THURSDAY,8,ON_BICYCLE,u0m567gp,WEST
9-12,THURSDAY,8,ON_BICYCLE,u0m53ufx,WEST
9-12,THURSDAY,8,ON_BICYCLE,u0m53ryz,NORTH
9-12,THURSDAY,8,ON_BICYCLE,u0m56frd,NORTH_WEST
9-12,THURSDAY,8,ON_BICYCLE,u0m570xe,NORTH_EAST
9-12,THURSDAY,8,ON_BICYCLE,u0m55qe3,NORTH_WEST
9-12,THURSDAY,8,ON_BICYCLE,u0m5hk71,NORTH_WEST
9-12,THURSDAY,8,ON_BICYCLE,u0m592qf,NORTH_EAST
9-12,THURSDAY,8,ON_BICYCLE,u0m567ty,NORTH_WEST
9-12,THURSDAY,8,ON_BICYCLE,u0m567x0,NORTH_WEST
9-12,THURSDAY,8,ON_BICYCLE,u0m571tq,WEST
9-12,THURSDAY,8,ON_BICYCLE,u0m5hj9x,WEST
9-12,THURSDAY,8,ON_BICYCLE,u0m593p5,NORTH
9-12,THURSDAY,8,ON_BICYCLE,u0m5hjsn,WEST
9-12,THURSDAY,8,ON_BICYCLE,u0m570nf,NORTH_WEST
9-12,THURSDAY,8,ON_BICYCLE,u0m56epy,WEST
9-12,THURSDAY,8,ON_BICYCLE,u0m55wvz,SOUTH_WEST
9-12,THURSDAY,8,ON_BICYCLE,u0m56h95,WEST
9-12,THURSDAY,8,ON_BICYCLE,u0m56hqq,WEST
9-12,THURSDAY,8,ON_BICYCLE,u0m5h7tu,NORTH_WEST
9-12,THURSDAY,8,ON_BICYCLE,u0m596mz,NORTH_EAST
9-12,THURSDAY,8,ON_BICYCLE,u0m56ek9,WEST
9-12,THURSDAY,8,ON_BICYCLE,u0m53tnc,NORTH_WEST
9-12,THURSDAY,8,ON_BICYCLE,u0m55xxb,SOUTH_WEST
9-12,THURSDAY,8,ON_BICYCLE,u0m53uvk,WEST
9-12,THURSDAY,8,ON_BICYCLE,u0m56hs3,WEST
12-15,THURSDAY,8,ON_BICYCLE,u0m5uf4z,SOUTH
12-15,THURSDAY,8,ON_BICYCLE,u0m5uvs7,SOUTH
12-15,THURSDAY,8,ON_BICYCLE,u0m5tm9f,SOUTH_EAST
12-15,THURSDAY,8,ON_BICYCLE,u0m5tkgf,SOUTH_EAST
12-15,THURSDAY,8,ON_BICYCLE,u0m5szzj,SOUTH_EAST
12-15,THURSDAY,8,ON_BICYCLE,u0m5tnrd,SOUTH_EAST
12-15,THURSDAY,8,ON_BICYCLE,u0m5ugfs,SOUTH
12-15,THURSDAY,8,ON_BICYCLE,u0mhhc3u,SOUTH
12-15,THURSDAY,8,ON_BICYCLE,u0m5uu72,SOUTH_WEST
12-15,THURSDAY,8,ON_BICYCLE,u0mhhc4n,SOUTH
12-15,THURSDAY,8,ON_BICYCLE,u0mhj18n,WEST
12-15,THURSDAY,8,ON_BICYCLE,u0mhhc44,SOUTH
12-15,THURSDAY,8,ON_BICYCLE,u0m5uzk4,SOUTH
12-15,THURSDAY,8,ON_BICYCLE,u0mhj1cm,SOUTH
12-15,THURSDAY,8,ON_BICYCLE,u0m5uvkm,SOUTH
12-15,THURSDAY,8,ON_BICYCLE,u0m5ubjv,SOUTH_EAST
12-15,THURSDAY,8,ON_BICYCLE,u0m5tkn3,SOUTH_EAST
12-15,THURSDAY,8,ON_BICYCLE,u0mhhbfq,SOUTH
12-15,THURSDAY,8,ON_BICYCLE,u0m5ucg4,SOUTH
12-15,THURSDAY,8,ON_BICYCLE,u0mhj417,SOUTH
12-15,THURSDAY,8,ON_BICYCLE,u0m5uzsj,SOUTH
12-15,THURSDAY,8,ON_BICYCLE,u0m5uy7g,SOUTH
12-15,THURSDAY,8,ON_BICYCLE,u0m5uugy,SOUTH
12-15,THURSDAY,8,ON_BICYCLE,u0m5tks9,SOUTH_EAST
12-15,THURSDAY,8,ON_BICYCLE,u0m5uzuw,SOUTH_WEST
12-15,THURSDAY,8,ON_BICYCLE,u0mhj19p,WEST
12-15,THURSDAY,8,ON_BICYCLE,u0m5uzh3,SOUTH
12-15,THURSDAY,8,ON_BICYCLE,u0m5uyev,SOUTH
12-15,THURSDAY,8,ON_BICYCLE,u0m5uvk1,SOUTH_WEST
12-15,THURSDAY,8,ON_BICYCLE,u0m5tp8w,SOUTH_EAST
12-15,THURSDAY,8,ON_BICYCLE,u0m5tm6d,SOUTH_EAST
12-15,THURSDAY,8,ON_BICYCLE,u0mhhcff,WEST
12-15,THURSDAY,8,ON_BICYCLE,u0m5uvun,SOUTH
12-15,THURSDAY,8,ON_BICYCLE,u0mhhbhh,SOUTH_EAST
12-15,THURSDAY,8,ON_BICYCLE,u0m5ubg3,SOUTH_EAST
12-15,THURSDAY,8,ON_BICYCLE,u0m5tnv3,SOUTH_EAST
12-15,THURSDAY,8,ON_BICYCLE,u0m5tq06,SOUTH_EAST
12-15,THURSDAY,8,ON_BICYCLE,u0m5ts4h,SOUTH_EAST
12-15,THURSDAY,8,ON_BICYCLE,u0m5uy7z,SOUTH
12-15,THURSDAY,8,ON_BICYCLE,u0m5uyu4,SOUTH
12-15,THURSDAY,8,ON_BICYCLE,u0m5ug6y,SOUTH
12-15,THURSDAY,8,ON_BICYCLE,u0m5tp9b,SOUTH_EAST
12-15,THURSDAY,8,ON_BICYCLE,u0mhhcd4,SOUTH
12-15,THURSDAY,8,ON_BICYCLE,u0mhhcf0,SOUTH
12-15,THURSDAY,8,ON_BICYCLE,u0mhhcy3,WEST
12-15,THURSDAY,8,ON_BICYCLE,u0m5uv5v,SOUTH
12-15,THURSDAY,8,ON_BICYCLE,u0m5tph3,SOUTH_EAST
12-15,THURSDAY,8,ON_BICYCLE,u0m5uy5x,SOUTH
12-15,THURSDAY,8,ON_BICYCLE,u0m5tp70,SOUTH_EAST
12-15,THURSDAY,8,ON_BICYCLE,u0m5uus7,SOUTH_WEST
12-15,THURSDAY,8,ON_BICYCLE,u0m5uce1,SOUTH
12-15,THURSDAY,8,ON_BICYCLE,u0m5tmc4,SOUTH_EAST
12-15,THURSDAY,8,ON_BICYCLE,u0m5ts1d,NORTH_EAST
12-15,THURSDAY,8,ON_BICYCLE,u0m5uc6b,SOUTH
12-15,THURSDAY,8,ON_BICYCLE,u0m5ubkk,SOUTH_EAST
12-15,THURSDAY,8,ON_BICYCLE,u0m5ug42,SOUTH
12-15,THURSDAY,8,ON_BICYCLE,u0m5t7zk,EAST
12-15,THURSDAY,8,ON_BICYCLE,u0mhhb78,SOUTH_EAST
12-15,THURSDAY,8,ON_BICYCLE,u0m5ufdu,SOUTH
12-15,THURSDAY,8,ON_BICYCLE,u0mhhbdu,SOUTH_EAST
12-15,THURSDAY,8,ON_BICYCLE,u0mhhcud,WEST
12-15,THURSDAY,8,ON_BICYCLE,u0m5tm56,SOUTH_EAST
12-15,THURSDAY,8,ON_BICYCLE,u0m5tkm3,SOUTH_EAST
12-15,THURSDAY,8,ON_BICYCLE,u0mhhbf8,SOUTH
12-15,THURSDAY,8,ON_BICYCLE,u0m5tnwd,SOUTH_EAST
12-15,THURSDAY,8,ON_BICYCLE,u0mhj430,SOUTH_EAST
12-15,THURSDAY,8,ON_BICYCLE,u0m5tebx,EAST
12-15,THURSDAY,8,ON_BICYCLE,u0mhhbf7,SOUTH
12-15,THURSDAY,8,ON_BICYCLE,u0m5uc4b,SOUTH
12-15,THURSDAY,8,ON_BICYCLE,u0mhhb7k,SOUTH_EAST
12-15,THURSDAY,8,ON_BICYCLE,u0mhhbe1,SOUTH_EAST
12-15,THURSDAY,8,WALKING,u0m709vv,EAST
12-15,THURSDAY,8,WALKING,u0m709zr,WEST
12-15,THURSDAY,8,WALKING,u0m709yv,WEST
12-15,THURSDAY,8,WALKING,u0m709v7,EAST
12-15,THURSDAY,8,WALKING,u0m709yk,WEST
18-21,THURSDAY,8,ON_BICYCLE,u0m70du5,WEST
18-21,THURSDAY,8,ON_BICYCLE,u0m70dcs,SOUTH_WEST
18-21,THURSDAY,8,ON_BICYCLE,u0m70ds2,NORTH
12-15,FRIDAY,8,TRAIN,u0mu274v,SOUTH_WEST
12-15,FRIDAY,8,TRAIN,u0mgswd5,NORTH_EAST
12-15,FRIDAY,8,TRAIN,u0munch3,NORTH_EAST
12-15,FRIDAY,8,TRAIN,u0mgv3d1,EAST
12-15,FRIDAY,8,TRAIN,u0mu269w,SOUTH_EAST
12-15,FRIDAY,8,TRAIN,u0mgsz9h,EAST
12-15,FRIDAY,8,TRAIN,u0mgvdsd,NORTH_EAST
12-15,FRIDAY,8,TRAIN,u0mupypn,EAST
12-15,FRIDAY,8,TRAIN,u0mth8xd,SOUTH_EAST
12-15,FRIDAY,8,TRAIN,u0mgsv9k,WEST
12-15,FRIDAY,8,TRAIN,u0mgthg7,NORTH
12-15,FRIDAY,8,TRAIN,u0mgthgr,SOUTH
12-15,FRIDAY,8,TRAIN,u0msmv37,EAST
12-15,FRIDAY,8,TRAIN,u0mgv0vx,NORTH_EAST
12-15,FRIDAY,8,TRAIN,u0mupvfm,EAST
12-15,FRIDAY,8,TRAIN,u0mup40s,NORTH_EAST
12-15,FRIDAY,8,TRAIN,u0mth8rz,SOUTH_EAST
12-15,FRIDAY,8,TRAIN,u0mupkub,NORTH_EAST
12-15,FRIDAY,8,TRAIN,u0qh0nx8,SOUTH_EAST
12-15,FRIDAY,8,TRAIN,u0mgthdu,SOUTH_EAST
12-15,FRIDAY,8,TRAIN,u0mu0xvq,SOUTH_EAST
12-15,FRIDAY,8,TRAIN,u0mun8p5,NORTH_EAST
12-15,FRIDAY,8,TRAIN,u0mgthg3,SOUTH_WEST
12-15,FRIDAY,8,TRAIN,u0mgvupx,NORTH_EAST
12-15,FRIDAY,8,TRAIN,u0muphrk,EAST
12-15,FRIDAY,8,TRAIN,u0mgsw5f,NORTH_WEST
12-15,FRIDAY,8,TRAIN,u0mgyjj5,NORTH_EAST
12-15,FRIDAY,8,TRAIN,u0mgv6p0,EAST
12-15,FRIDAY,8,TRAIN,u0mgyq5m,NORTH_EAST
12-15,FRIDAY,8,TRAIN,u0mgthdb,NORTH_EAST
12-15,FRIDAY,8,TRAIN,u0mgt5cq,NORTH_WEST
12-15,FRIDAY,8,TRAIN,u0mu270r,EAST
12-15,FRIDAY,8,TRAIN,u0mgth7f,SOUTH_WEST
12-15,FRIDAY,8,TRAIN,u0mgsuef,NORTH_WEST
12-15,FRIDAY,8,TRAIN,u0mgthgm,WEST
12-15,FRIDAY,8,TRAIN,u0mgthgd,NORTH
12-15,FRIDAY,8,TRAIN,u0mthb29,SOUTH_EAST
12-15,FRIDAY,8,TRAIN,u0mup5k4,NORTH_EAST
12-15,FRIDAY,8,TRAIN,u0mgvg36,NORTH_EAST
12-15,FRIDAY,8,TRAIN,u0mgthfv,SOUTH_EAST
12-15,FRIDAY,8,TRAIN,u0mgv098,NORTH_EAST
12-15,FRIDAY,8,TRAIN,u0mupt36,EAST
12-15,FRIDAY,8,TRAIN,u0mgubj1,EAST
12-15,FRIDAY,8,TRAIN,u0muptwp,EAST
12-15,FRIDAY,8,TRAIN,u0qh0n7q,EAST
12-15,FRIDAY,8,TRAIN,u0mgsxmc,NORTH_EAST
12-15,FRIDAY,8,TRAIN,u0mgyx1k,NORTH_EAST
12-15,FRIDAY,8,TRAIN,u0mu274v,SOUTH_WEST
12-15,FRIDAY,8,TRAIN,u0mgswd5,NORTH_EAST
12-15,FRIDAY,8,TRAIN,u0munch3,NORTH_EAST
12-15,FRIDAY,8,TRAIN,u0mgv3d1,EAST
12-15,FRIDAY,8,TRAIN,u0mu269w,SOUTH_EAST
12-15,FRIDAY,8,TRAIN,u0mgsz9h,EAST
12-15,FRIDAY,8,TRAIN,u0mgvdsd,NORTH_EAST
12-15,FRIDAY,8,TRAIN,u0mupypn,EAST
12-15,FRIDAY,8,TRAIN,u0mth8xd,SOUTH_EAST
12-15,FRIDAY,8,TRAIN,u0mgsv9k,WEST
12-15,FRIDAY,8,TRAIN,u0mgthg7,NORTH
12-15,FRIDAY,8,TRAIN,u0mgthgr,SOUTH
12-15,FRIDAY,8,TRAIN,u0msmv37,EAST
12-15,FRIDAY,8,TRAIN,u0mgv0vx,NORTH_EAST
12-15,FRIDAY,8,TRAIN,u0mupvfm,EAST
12-15,FRIDAY,8,TRAIN,u0mup40s,NORTH_EAST
12-15,FRIDAY,8,TRAIN,u0mth8rz,SOUTH_EAST
12-15,FRIDAY,8,TRAIN,u0mupkub,NORTH_EAST
12-15,FRIDAY,8,TRAIN,u0qh0nx8,SOUTH_EAST
12-15,FRIDAY,8,TRAIN,u0mgthdu,SOUTH_EAST
12-15,FRIDAY,8,TRAIN,u0mu0xvq,SOUTH_EAST
12-15,FRIDAY,8,TRAIN,u0mun8p5,NORTH_EAST
12-15,FRIDAY,8,TRAIN,u0mgthg3,SOUTH_WEST
12-15,FRIDAY,8,TRAIN,u0mgvupx,NORTH_EAST
12-15,FRIDAY,8,TRAIN,u0muphrk,EAST
12-15,FRIDAY,8,TRAIN,u0mgsw5f,NORTH_WEST
12-15,FRIDAY,8,TRAIN,u0mgyjj5,NORTH_EAST
12-15,FRIDAY,8,TRAIN,u0mgv6p0,EAST
12-15,FRIDAY,8,TRAIN,u0mgyq5m,NORTH_EAST
12-15,FRIDAY,8,TRAIN,u0mgthdb,NORTH_EAST
12-15,FRIDAY,8,TRAIN,u0mgt5cq,NORTH_WEST
12-15,FRIDAY,8,TRAIN,u0mu270r,EAST
12-15,FRIDAY,8,TRAIN,u0mgth7f,SOUTH_WEST
12-15,FRIDAY,8,TRAIN,u0mgsuef,NORTH_WEST
12-15,FRIDAY,8,TRAIN,u0mgthgm,WEST
12-15,FRIDAY,8,TRAIN,u0mgthgd,NORTH
12-15,FRIDAY,8,TRAIN,u0mthb29,SOUTH_EAST
12-15,FRIDAY,8,TRAIN,u0mup5k4,NORTH_EAST
12-15,FRIDAY,8,TRAIN,u0mgvg36,NORTH_EAST
12-15,FRIDAY,8,TRAIN,u0mgthfv,SOUTH_EAST
12-15,FRIDAY,8,TRAIN,u0mgv098,NORTH_EAST
12-15,FRIDAY,8,TRAIN,u0mupt36,EAST
12-15,FRIDAY,8,TRAIN,u0mgubj1,EAST
12-15,FRIDAY,8,TRAIN,u0muptwp,EAST
12-15,FRIDAY,8,TRAIN,u0qh0n7q,EAST
12-15,FRIDAY,8,TRAIN,u0mgsxmc,NORTH_EAST
12-15,FRIDAY,8,TRAIN,u0mgyx1k,NORTH_EAST
15-18,WEDNESDAY,8,ON_BICYCLE,u0m44z1r,NORTH_WEST
15-18,WEDNESDAY,8,ON_BICYCLE,u0m44z1u,NORTH_WEST
15-18,WEDNESDAY,8,ON_BICYCLE,u0m44yfw,NORTH_WEST
15-18,WEDNESDAY,8,ON_BICYCLE,u0m44z2f,NORTH_WEST
15-18,WEDNESDAY,8,ON_BICYCLE,u0m44z42,NORTH_WEST
15-18,WEDNESDAY,8,ON_BICYCLE,u0m44xzv,NORTH_WEST
15-18,WEDNESDAY,8,ON_BICYCLE,u0m44z89,NORTH_WEST
15-18,WEDNESDAY,8,ON_BICYCLE,u0m468pd,NORTH_WEST
15-18,WEDNESDAY,8,ON_BICYCLE,u0m44z8k,NORTH_WEST
15-18,WEDNESDAY,8,ON_BICYCLE,u0m468pk,NORTH_EAST
15-18,WEDNESDAY,8,ON_BICYCLE,u0m44xzx,NORTH_WEST
15-18,WEDNESDAY,8,ON_BICYCLE,u0m44z8p,NORTH_WEST
15-18,WEDNESDAY,8,ON_BICYCLE,u0m44zb4,NORTH
15-18,WEDNESDAY,8,WALKING,u0m44xvu,NORTH_EAST
15-18,WEDNESDAY,8,WALKING,u0m44xvz,SOUTH
15-18,WEDNESDAY,8,WALKING,u0m468nw,SOUTH_WEST
15-18,WEDNESDAY,8,WALKING,u0m468n4,SOUTH_WEST
15-18,WEDNESDAY,8,WALKING,u0m468nk,SOUTH_WEST
15-18,WEDNESDAY,8,TRAIN,u0m4s562,EAST
15-18,WEDNESDAY,8,TRAIN,u0m4xpyy,NORTH_EAST
15-18,WEDNESDAY,8,TRAIN,u0m47qe9,NORTH_EAST
15-18,WEDNESDAY,8,TRAIN,u0m6bpdk,NORTH_EAST
15-18,WEDNESDAY,8,TRAIN,u0m4wxb6,EAST
15-18,WEDNESDAY,8,TRAIN,u0m46gqk,NORTH_EAST
15-18,WEDNESDAY,8,TRAIN,u0m46f1t,NORTH_EAST
15-18,WEDNESDAY,8,TRAIN,u0m46fe3,NORTH_EAST
15-18,WEDNESDAY,8,TRAIN,u0m4zs9q,NORTH_EAST
15-18,WEDNESDAY,8,TRAIN,u0m4wxdz,EAST
15-18,WEDNESDAY,8,TRAIN,u0m46c9p,NORTH
15-18,WEDNESDAY,8,TRAIN,u0m4sev5,EAST
15-18,WEDNESDAY,8,TRAIN,u0m4e80k,NORTH_EAST
15-18,WEDNESDAY,8,TRAIN,u0m4z65v,NORTH_EAST
15-18,WEDNESDAY,8,TRAIN,u0m4ef4b,NORTH_EAST
15-18,WEDNESDAY,8,TRAIN,u0m4tv1q,NORTH_EAST
15-18,WEDNESDAY,8,TRAIN,u0m4zs05,NORTH_EAST
15-18,WEDNESDAY,8,TRAIN,u0m4e9ht,NORTH_EAST
15-18,WEDNESDAY,8,TRAIN,u0m46fuz,NORTH_EAST
15-18,WEDNESDAY,8,TRAIN,u0m70d4z,NORTH_EAST
15-18,WEDNESDAY,8,TRAIN,u0m4egpt,EAST
15-18,WEDNESDAY,8,TRAIN,u0m4s7xx,EAST
15-18,WEDNESDAY,8,TRAIN,u0m4wzdq,EAST
15-18,WEDNESDAY,8,TRAIN,u0m70gq8,SOUTH_EAST
15-18,WEDNESDAY,8,TRAIN,u0m70gm7,EAST
15-18,WEDNESDAY,8,TRAIN,u0m4t51t,EAST
15-18,WEDNESDAY,8,TRAIN,u0m4t4gy,EAST
15-18,WEDNESDAY,8,TRAIN,u0m4wzz8,EAST
15-18,WEDNESDAY,8,TRAIN,u0m703xx,NORTH_EAST
15-18,WEDNESDAY,8,TRAIN,u0m46bc6,NORTH
15-18,WEDNESDAY,8,TRAIN,u0m4sgf9,EAST
15-18,WEDNESDAY,8,TRAIN,u0m700hb,NORTH_EAST
15-18,WEDNESDAY,8,TRAIN,u0m70g7v,EAST
15-18,WEDNESDAY,8,TRAIN,u0m4wj8n,EAST
15-18,WEDNESDAY,8,TRAIN,u0m4s7th,EAST
15-18,WEDNESDAY,8,TRAIN,u0m703hx,NORTH_EAST
15-18,WEDNESDAY,8,TRAIN,u0m4xpf5,EAST
15-18,WEDNESDAY,8,TRAIN,u0m4sgb4,EAST
15-18,WEDNESDAY,8,TRAIN,u0m4t4y4,EAST
15-18,WEDNESDAY,8,TRAIN,u0m702fz,NORTH_EAST
15-18,WEDNESDAY,8,TRAIN,u0m47q45,NORTH_EAST
15-18,WEDNESDAY,8,TRAIN,u0m4t7yg,NORTH_EAST
15-18,WEDNESDAY,8,TRAIN,u0m4zyv1,NORTH_EAST
15-18,WEDNESDAY,8,TRAIN,u0m468rk,NORTH_EAST
15-18,WEDNESDAY,8,TRAIN,u0m4tv7q,EAST
15-18,WEDNESDAY,8,TRAIN,u0m4ztzr,NORTH_EAST
15-18,WEDNESDAY,8,TRAIN,u0m4tszr,NORTH_EAST
15-18,WEDNESDAY,8,TRAIN,u0m4t6br,NORTH_EAST
15-18,WEDNESDAY,8,TRAIN,u0m709cp,NORTH_EAST
15-18,WEDNESDAY,8,TRAIN,u0m4sgrt,SOUTH_EAST
15-18,WEDNESDAY,8,TRAIN,u0m46c34,NORTH
15-18,WEDNESDAY,8,TRAIN,u0m4sgtk,SOUTH_EAST
15-18,WEDNESDAY,8,TRAIN,u0m7149s,EAST
15-18,WEDNESDAY,8,TRAIN,u0m4wnsq,EAST
15-18,WEDNESDAY,8,TRAIN,u0m4wn73,NORTH_EAST
15-18,WEDNESDAY,8,TRAIN,u0m47rxr,NORTH_EAST
15-18,WEDNESDAY,8,TRAIN,u0m70dzr,NORTH_EAST
15-18,WEDNESDAY,8,TRAIN,u0m4efkq,NORTH_EAST
15-18,WEDNESDAY,8,TRAIN,u0m468xb,NORTH_EAST
15-18,WEDNESDAY,8,TRAIN,u0m714de,EAST
15-18,WEDNESDAY,8,TRAIN,u0m70g65,EAST
15-18,WEDNESDAY,8,TRAIN,u0m714ed,EAST
15-18,WEDNESDAY,8,TRAIN,u0m714tv,EAST
15-18,WEDNESDAY,8,TRAIN,u0m70dkr,NORTH_EAST
15-18,WEDNESDAY,8,TRAIN,u0m4s5m6,EAST
15-18,WEDNESDAY,8,TRAIN,u0m47jzg,NORTH_EAST
15-18,WEDNESDAY,8,TRAIN,u0m4s7db,EAST
15-18,WEDNESDAY,8,TRAIN,u0m4xpue,EAST
15-18,WEDNESDAY,8,TRAIN,u0m70dtz,NORTH_EAST
15-18,WEDNESDAY,8,TRAIN,u0m4ts15,NORTH_EAST
15-18,WEDNESDAY,8,TRAIN,u0m468r4,NORTH_EAST
15-18,WEDNESDAY,8,TRAIN,u0m4wjfk,NORTH_EAST
15-18,WEDNESDAY,8,TRAIN,u0m47rqh,NORTH_EAST
15-18,WEDNESDAY,8,TRAIN,u0m714se,EAST
15-18,WEDNESDAY,8,TRAIN,u0m4z20t,NORTH_EAST
15-18,WEDNESDAY,8,TRAIN,u0m4e9qq,NORTH_EAST
15-18,WEDNESDAY,8,TRAIN,u0m4e898,NORTH_EAST
15-18,WEDNESDAY,8,TRAIN,u0m4wxtq,EAST
15-18,WEDNESDAY,8,TRAIN,u0m47quy,NORTH_EAST
15-18,WEDNESDAY,8,TRAIN,u0m4z6vx,NORTH_EAST
15-18,WEDNESDAY,8,TRAIN,u0m46c13,NORTH
15-18,WEDNESDAY,8,TRAIN,u0m70g0x,EAST
15-18,WEDNESDAY,8,TRAIN,u0m47jqr,NORTH_EAST
15-18,WEDNESDAY,8,TRAIN,u0m4wrv5,EAST
15-18,WEDNESDAY,8,TRAIN,u0m4z299,NORTH
15-18,WEDNESDAY,8,TRAIN,u0m4efve,NORTH_EAST
15-18,WEDNESDAY,8,TRAIN,u0m4s72h,EAST
15-18,WEDNESDAY,8,TRAIN,u0m4wr6c,NORTH_EAST
15-18,WEDNESDAY,8,TRAIN,u0m4zzpz,NORTH_EAST
15-18,WEDNESDAY,8,TRAIN,u0m70gp8,SOUTH_EAST
15-18,WEDNESDAY,8,TRAIN,u0m714b7,SOUTH_EAST
15-18,WEDNESDAY,8,TRAIN,u0m46b8v,NORTH_EAST
15-18,WEDNESDAY,8,TRAIN,u0m4tstr,NORTH_EAST
15-18,WEDNESDAY,8,TRAIN,u0m714t7,NORTH_EAST
15-18,WEDNESDAY,8,TRAIN,u0m4t7t0,NORTH_EAST
15-18,WEDNESDAY,8,TRAIN,u0m7029n,NORTH_EAST
15-18,WEDNESDAY,8,TRAIN,u0m4ec8x,NORTH_EAST
15-18,WEDNESDAY,8,TRAIN,u0m703qp,NORTH_EAST
15-18,WEDNESDAY,8,TRAIN,u0m4z3dz,NORTH_EAST
15-18,WEDNESDAY,8,TRAIN,u0m4z2cq,NORTH
15-18,WEDNESDAY,8,TRAIN,u0m47jj1,NORTH_EAST
15-18,WEDNESDAY,8,TRAIN,u0m4wxxu,EAST
15-18,WEDNESDAY,8,TRAIN,u0m7149p,SOUTH_EAST
15-18,WEDNESDAY,8,TRAIN,u0m4wrsj,NORTH_EAST
15-18,WEDNESDAY,8,TRAIN,u0m4zt4k,NORTH_EAST
15-18,WEDNESDAY,8,TRAIN,u0m4e8fg,NORTH_EAST
15-18,WEDNESDAY,8,TRAIN,u0m4ts7e,NORTH_EAST
15-18,WEDNESDAY,8,TRAIN,u0m47h4k,NORTH_EAST
15-18,WEDNESDAY,8,TRAIN,u0m4z7wb,NORTH_EAST
15-18,WEDNESDAY,8,TRAIN,u0m4tvtd,EAST
15-18,WEDNESDAY,8,TRAIN,u0m4wr10,NORTH_EAST
15-18,WEDNESDAY,8,TRAIN,u0m4wnyt,EAST
15-18,WEDNESDAY,8,TRAIN,u0m4sef7,EAST
15-18,WEDNESDAY,8,TRAIN,u0m47hef,NORTH_EAST
15-18,WEDNESDAY,8,TRAIN,u0m4z6sg,NORTH_EAST
15-18,WEDNESDAY,8,TRAIN,u0m4z33s,NORTH_EAST
15-18,WEDNESDAY,8,TRAIN,u0m700rh,NORTH_EAST
15-18,WEDNESDAY,8,TRAIN,u0m4758x,NORTH_EAST
15-18,WEDNESDAY,8,TRAIN,u0m4zy6h,NORTH_EAST
15-18,WEDNESDAY,8,TRAIN,u0m4wztj,EAST
15-18,WEDNESDAY,8,TRAIN,u0m4ztst,NORTH_EAST
15-18,WEDNESDAY,8,ON_BICYCLE,u0m714kp,WEST
15-18,WEDNESDAY,8,ON_BICYCLE,u0m714sc,WEST
15-18,WEDNESDAY,8,ON_BICYCLE,u0m714d4,WEST
15-18,WEDNESDAY,8,ON_BICYCLE,u0m714t3,WEST
15-18,WEDNESDAY,8,ON_BICYCLE,u0m714d9,WEST
15-18,WEDNESDAY,8,ON_BICYCLE,u0m714w1,WEST
15-18,WEDNESDAY,8,ON_BICYCLE,u0m714e2,WEST
15-18,WEDNESDAY,8,ON_BICYCLE,u0m714xf,WEST
15-18,WEDNESDAY,8,ON_BICYCLE,u0m714x5,WEST
15-18,WEDNESDAY,8,ON_BICYCLE,u0m714x4,EAST
15-18,WEDNESDAY,8,ON_BICYCLE,u0m714wd,WEST
15-18,WEDNESDAY,8,ON_BICYCLE,u0m70fqy,WEST
15-18,WEDNESDAY,8,ON_BICYCLE,u0m70dr0,SOUTH
15-18,WEDNESDAY,8,ON_BICYCLE,u0m70fm1,WEST
15-18,WEDNESDAY,8,ON_BICYCLE,u0m70fk9,WEST
15-18,WEDNESDAY,8,ON_BICYCLE,u0m70fmd,WEST
15-18,WEDNESDAY,8,ON_BICYCLE,u0m70frr,SOUTH_WEST
15-18,WEDNESDAY,8,ON_BICYCLE,u0m70dpj,SOUTH
15-18,WEDNESDAY,8,ON_BICYCLE,u0m70fqh,WEST
15-18,WEDNESDAY,8,ON_BICYCLE,u0m70f39,WEST
15-18,WEDNESDAY,8,ON_BICYCLE,u0m70f68,WEST
15-18,WEDNESDAY,8,ON_BICYCLE,u0m70f2c,WEST
15-18,WEDNESDAY,8,ON_BICYCLE,u0m70drc,WEST
15-18,WEDNESDAY,8,ON_BICYCLE,u0m70fk4,WEST
15-18,WEDNESDAY,8,ON_BICYCLE,u0m70dp4,SOUTH_WEST
15-18,WEDNESDAY,8,ON_BICYCLE,u0m70f73,WEST
12-15,FRIDAY,8,ON_BICYCLE,u0m70frp,WEST
12-15,FRIDAY,8,ON_BICYCLE,u0m70fq5,NORTH_EAST
12-15,FRIDAY,8,ON_BICYCLE,u0m70fqt,NORTH_EAST
12-15,FRIDAY,8,ON_BICYCLE,u0m70fm6,EAST
12-15,FRIDAY,8,ON_BICYCLE,u0m71486,NORTH_EAST
12-15,FRIDAY,8,ON_BICYCLE,u0m714rr,EAST
12-15,FRIDAY,8,ON_BICYCLE,u0m714mz,EAST
12-15,FRIDAY,8,ON_BICYCLE,u0m714mp,EAST
12-15,FRIDAY,8,ON_BICYCLE,u0m714qx,EAST
12-15,FRIDAY,8,TRAIN,u0m714xw,NORTH
12-15,FRIDAY,8,TRAIN,u0mgthgg,WEST
12-15,FRIDAY,8,TRAIN,u0mgthgk,SOUTH_WEST
15-18,FRIDAY,8,TRAIN,u0qh0n31,EAST
15-18,FRIDAY,8,TRAIN,u0mgyx0f,NORTH_EAST
15-18,FRIDAY,8,TRAIN,u0q5dmhd,EAST
15-18,FRIDAY,8,TRAIN,u0mgyxe8,NORTH_EAST
15-18,FRIDAY,8,TRAIN,u0q5djk9,EAST
15-18,FRIDAY,8,TRAIN,u0q5dj2x,EAST
15-18,FRIDAY,8,TRAIN,u0mgymbb,NORTH_EAST
15-18,FRIDAY,8,TRAIN,u0qh025m,SOUTH_WEST
15-18,FRIDAY,8,TRAIN,u0qh02s9,SOUTH_WEST
15-18,FRIDAY,8,TRAIN,u0qh0k2f,SOUTH
15-18,FRIDAY,8,TRAIN,u0mgyq5w,NORTH_EAST
15-18,FRIDAY,8,TRAIN,u0q59vu1,EAST
15-18,FRIDAY,8,TRAIN,u0q59wrn,SOUTH_EAST
15-18,FRIDAY,8,TRAIN,u0q5bt0m,SOUTH_EAST
15-18,FRIDAY,8,TRAIN,u0q5c4h1,SOUTH_EAST
15-18,FRIDAY,8,TRAIN,u0munbge,NORTH_EAST
15-18,FRIDAY,8,TRAIN,u0q5c42v,EAST
15-18,FRIDAY,8,TRAIN,u0muphr4,NORTH_EAST
15-18,FRIDAY,8,TRAIN,u0q5bez6,SOUTH_EAST
15-18,FRIDAY,8,TRAIN,u0mgv0uu,NORTH_EAST
15-18,FRIDAY,8,TRAIN,u0q5bsks,SOUTH_EAST
15-18,FRIDAY,8,TRAIN,u0mupypn,EAST
15-18,FRIDAY,8,TRAIN,u0mupvbe,EAST
15-18,FRIDAY,8,TRAIN,u0mgsxr5,NORTH_EAST
15-18,FRIDAY,8,TRAIN,u0q59y0m,SOUTH_EAST
15-18,FRIDAY,8,TRAIN,u0q5bg6v,SOUTH_EAST
15-18,FRIDAY,8,TRAIN,u0q5bqsf,SOUTH_EAST
15-18,FRIDAY,8,TRAIN,u0q5dt10,EAST
15-18,FRIDAY,8,TRAIN,u0qh06dk,SOUTH
15-18,FRIDAY,8,TRAIN,u0qh064w,SOUTH
15-18,FRIDAY,8,TRAIN,u0mgvun1,NORTH_EAST
15-18,FRIDAY,8,TRAIN,u0q5bfvs,SOUTH_EAST
15-18,FRIDAY,8,TRAIN,u0q5c836,SOUTH
15-18,FRIDAY,8,TRAIN,u0q59xds,SOUTH_EAST
15-18,FRIDAY,8,TRAIN,u0q5bmye,SOUTH_EAST
15-18,FRIDAY,8,TRAIN,u0q5dj6e,EAST
15-18,FRIDAY,8,TRAIN,u0q5dm0e,EAST
15-18,FRIDAY,8,TRAIN,u0q5bg95,EAST
15-18,FRIDAY,8,TRAIN,u0mupkys,NORTH_EAST
15-18,FRIDAY,8,TRAIN,u0mgyxyq,NORTH_EAST
15-18,FRIDAY,8,TRAIN,u0mgvds3,NORTH_EAST
15-18,FRIDAY,8,TRAIN,u0q59wy1,SOUTH_EAST
15-18,FRIDAY,8,TRAIN,u0q5bsn5,SOUTH_EAST
15-18,FRIDAY,8,TRAIN,u0q59vty,EAST
15-18,FRIDAY,8,TRAIN,u0q5bscv,SOUTH_EAST
15-18,FRIDAY,8,TRAIN,u0mgv1nt,EAST
15-18,FRIDAY,8,TRAIN,u0qh03g3,SOUTH
15-18,FRIDAY,8,TRAIN,u0q5dm4s,EAST
15-18,FRIDAY,8,TRAIN,u0q5c1xs,SOUTH_EAST
15-18,FRIDAY,8,TRAIN,u0q5djny,EAST
15-18,FRIDAY,8,TRAIN,u0q59vfp,EAST
15-18,FRIDAY,8,TRAIN,u0mgv3uc,EAST
15-18,FRIDAY,8,TRAIN,u0qh0q2u,SOUTH_EAST
15-18,FRIDAY,8,TRAIN,u0qh037u,SOUTH
15-18,FRIDAY,8,TRAIN,u0qh0m0g,SOUTH
15-18,FRIDAY,8,TRAIN,u0q5c33m,SOUTH_EAST
15-18,FRIDAY,8,TRAIN,u0q5c2yd,SOUTH_EAST
15-18,FRIDAY,8,TRAIN,u0qh071c,SOUTH
15-18,FRIDAY,8,TRAIN,u0mupt0s,NORTH_EAST
15-18,FRIDAY,8,TRAIN,u0q5c469,SOUTH_EAST
15-18,FRIDAY,8,TRAIN,u0mgsw6h,NORTH
15-18,FRIDAY,8,TRAIN,u0mgubqb,EAST
15-18,FRIDAY,8,TRAIN,u0mgv03j,NORTH_EAST
15-18,FRIDAY,8,TRAIN,u0mgvg32,NORTH_EAST
15-18,FRIDAY,8,TRAIN,u0q5brf8,SOUTH
15-18,FRIDAY,8,TRAIN,u0mgyjq4,NORTH_EAST
15-18,FRIDAY,8,TRAIN,u0qh02uw,SOUTH
15-18,FRIDAY,8,TRAIN,u0mgsz8u,EAST
15-18,FRIDAY,8,TRAIN,u0mgsw5e,NORTH_WEST
15-18,FRIDAY,8,TRAIN,u0mgv6p0,NORTH_EAST
15-18,FRIDAY,8,TRAIN,u0qh073x,SOUTH
15-18,FRIDAY,8,TRAIN,u0q5bsem,SOUTH_EAST
15-18,FRIDAY,8,TRAIN,u0qh07ch,SOUTH
15-18,FRIDAY,8,TRAIN,u0qh0m3t,SOUTH_WEST
15-18,FRIDAY,8,TRAIN,u0munb2u,NORTH_EAST
15-18,FRIDAY,8,TRAIN,u0mgvgeu,NORTH_EAST
15-18,FRIDAY,8,TRAIN,u0mgszff,EAST
15-18,FRIDAY,8,TRAIN,u0q5c3hc,SOUTH_EAST
15-18,FRIDAY,8,TRAIN,u0mgvd33,EAST
15-18,FRIDAY,8,TRAIN,u0q5br6d,SOUTH_EAST
15-18,FRIDAY,8,TRAIN,u0mgsxmh,EAST
15-18,FRIDAY,8,TRAIN,u0mgv3de,EAST
15-18,FRIDAY,8,TRAIN,u0mup5kh,NORTH_EAST
15-18,FRIDAY,8,TRAIN,u0mup437,NORTH_EAST
15-18,FRIDAY,8,TRAIN,u0mgubhb,NORTH_EAST
15-18,FRIDAY,8,TRAIN,u0q5bfxm,SOUTH_EAST
15-18,FRIDAY,8,TRAIN,u0q5c35p,SOUTH_EAST
15-18,FRIDAY,8,TRAIN,u0qh0n6v,EAST
15-18,FRIDAY,8,TRAIN,u0muptwx,EAST
15-18,FRIDAY,8,TRAIN,u0mgyhgs,NORTH_EAST
15-18,FRIDAY,8,TRAIN,u0q5bqgm,SOUTH_EAST
15-18,FRIDAY,8,TRAIN,u0q5c2xf,SOUTH_EAST
15-18,FRIDAY,8,TRAIN,u0q5c1vf,EAST
15-18,FRIDAY,8,TRAIN,u0q59xkh,SOUTH_EAST
15-18,FRIDAY,8,TRAIN,u0mgv32s,NORTH_EAST
15-18,FRIDAY,8,TRAIN,u0qh0mf2,SOUTH_WEST
15-18,FRIDAY,8,TRAIN,u0mgyh2y,NORTH_EAST
15-18,FRIDAY,8,TRAIN,u0qh0q4h,SOUTH
15-18,FRIDAY,8,TRAIN,u0qh0k8x,SOUTH
15-18,FRIDAY,8,TRAIN,u0mgvdz5,NORTH_EAST
15-18,FRIDAY,8,TRAIN,u0mup4g5,NORTH_EAST
15-18,FRIDAY,8,TRAIN,u0q5bghm,SOUTH_EAST
15-18,FRIDAY,8,TRAIN,u0mgswf0,NORTH_EAST
15-18,FRIDAY,8,TRAIN,u0qh0nwf,EAST
15-18,FRIDAY,8,TRAIN,u0mupksp,EAST
15-18,FRIDAY,8,TRAIN,u0muncme,NORTH_EAST
15-18,FRIDAY,8,TRAIN,u0q5dmpb,EAST
15-18,FRIDAY,8,TRAIN,u0q5bmx8,SOUTH_EAST
15-18,FRIDAY,8,TRAIN,u0q59xhc,SOUTH_EAST
15-18,FRIDAY,8,TRAIN,u0mupts7,EAST
15-18,FRIDAY,8,TRAIN,u0q5bqjy,SOUTH_EAST
15-18,FRIDAY,8,TRAIN,u0mgyqwk,NORTH_EAST
15-18,FRIDAY,8,TRAIN,u0mupvfy,EAST
15-18,FRIDAY,8,TRAIN,u0mupyhf,EAST
15-18,FRIDAY,8,TRAIN,u0mgsx4f,NORTH_EAST
15-18,FRIDAY,8,TRAIN,u0mupt6m,EAST
15-18,FRIDAY,8,TRAIN,u0muncze,NORTH_EAST
15-18,FRIDAY,8,TRAIN,u0mup5vj,NORTH_EAST
15-18,FRIDAY,8,TRAIN,u0qh0nsg,EAST
15-18,FRIDAY,8,TRAIN,u0mgv0ej,NORTH_EAST
15-18,FRIDAY,8,TRAIN,u0mupk9e,EAST
15-18,FRIDAY,8,TRAIN,u0q5dmn3,EAST
15-18,FRIDAY,8,TRAIN,u0q59xcz,SOUTH_EAST
15-18,FRIDAY,8,TRAIN,u0q5kjv6,SOUTH_WEST
15-18,FRIDAY,8,TRAIN,u0q5kj4k,SOUTH_WEST
15-18,FRIDAY,8,TRAIN,u0q57gyp,SOUTH_WEST
15-18,FRIDAY,8,TRAIN,u0q57unt,SOUTH_WEST
15-18,FRIDAY,8,TRAIN,u0q5kq84,SOUTH_WEST
15-18,FRIDAY,8,TRAIN,u0q5kqct,SOUTH_WEST
15-18,FRIDAY,8,TRAIN,u0q5khc0,SOUTH_WEST
15-18,FRIDAY,8,TRAIN,u0q57urv,SOUTH_WEST
15-18,FRIDAY,8,TRAIN,u0q5kj7z,SOUTH_WEST
15-18,FRIDAY,8,TRAIN,u0q5knnw,SOUTH_WEST
15-18,FRIDAY,8,TRAIN,u0nrsm05,SOUTH
15-18,FRIDAY,8,TRAIN,u0q1etjr,SOUTH_WEST
15-18,FRIDAY,8,TRAIN,u0nrj8qr,SOUTH
15-18,FRIDAY,8,TRAIN,u0q0sjzs,SOUTH_EAST
15-18,FRIDAY,8,TRAIN,u0q57gvu,SOUTH_WEST
15-18,FRIDAY,8,TRAIN,u0q0rr2n,EAST
15-18,FRIDAY,8,TRAIN,u0nrkf9d,SOUTH_EAST
15-18,FRIDAY,8,TRAIN,u0q1eze7,SOUTH_WEST
15-18,FRIDAY,8,TRAIN,u0q0eyhc,EAST
15-18,FRIDAY,8,TRAIN,u0q21e1h,WEST
15-18,FRIDAY,8,TRAIN,u0q5krev,SOUTH_WEST
15-18,FRIDAY,8,TRAIN,u0q57fnn,SOUTH
15-18,FRIDAY,8,TRAIN,u0q4skwp,SOUTH
15-18,FRIDAY,8,TRAIN,u0q1ew74,SOUTH
15-18,FRIDAY,8,TRAIN,u0q0t5x7,EAST
15-18,FRIDAY,8,TRAIN,u0nrczj6,SOUTH_EAST
15-18,FRIDAY,8,TRAIN,u0nrfn8e,EAST
15-18,FRIDAY,8,TRAIN,u0q22bn2,SOUTH_EAST
15-18,FRIDAY,8,TRAIN,u0q57gyn,SOUTH_WEST
15-18,FRIDAY,8,TRAIN,u0nrexg2,EAST
15-18,FRIDAY,8,TRAIN,u0q5kh81,SOUTH_WEST
15-18,FRIDAY,8,TRAIN,u0nrg40h,EAST
15-18,FRIDAY,8,TRAIN,u0q5eumq,SOUTH_EAST
15-18,FRIDAY,8,TRAIN,u0nqvxx7,SOUTH
15-18,FRIDAY,8,TRAIN,u0q4jq2y,SOUTH_EAST
15-18,FRIDAY,8,TRAIN,u0nqvwrg,SOUTH
15-18,FRIDAY,8,TRAIN,u0q5s3j6,SOUTH_EAST
15-18,FRIDAY,8,TRAIN,u0q0tehv,EAST
15-18,FRIDAY,8,TRAIN,u0nqv9by,SOUTH_WEST
15-18,FRIDAY,8,TRAIN,u0q17rwg,SOUTH
15-18,FRIDAY,8,TRAIN,u0nrfen7,SOUTH_EAST
15-18,FRIDAY,8,TRAIN,u0nrezqg,EAST
15-18,FRIDAY,8,TRAIN,u0q5s59n,SOUTH_EAST
15-18,FRIDAY,8,TRAIN,u0q0te24,EAST
15-18,FRIDAY,8,TRAIN,u0nrfkwd,SOUTH_EAST
15-18,FRIDAY,8,TRAIN,u0q4j65g,SOUTH
15-18,FRIDAY,8,TRAIN,u0q5h5mb,SOUTH
15-18,FRIDAY,8,TRAIN,u0nqvvb5,SOUTH_WEST
15-18,FRIDAY,8,TRAIN,u0q21p82,SOUTH_EAST
15-18,FRIDAY,8,TRAIN,u0q4u606,SOUTH
15-18,FRIDAY,8,TRAIN,u0q22ckv,SOUTH_EAST
15-18,FRIDAY,8,TRAIN,u0q1usf5,SOUTH_WEST
15-18,FRIDAY,8,TRAIN,u0q1etd6,SOUTH
15-18,FRIDAY,8,TRAIN,u0nrfem8,SOUTH_EAST
15-18,FRIDAY,8,TRAIN,u0q21b9b,SOUTH_EAST
15-18,FRIDAY,8,TRAIN,u0nrkbrn,SOUTH_EAST
15-18,FRIDAY,8,TRAIN,u0nrkrx1,SOUTH
15-18,FRIDAY,8,TRAIN,u0q4jkcs,SOUTH
15-18,FRIDAY,8,TRAIN,u0nrj6cq,SOUTH_EAST
15-18,FRIDAY,8,TRAIN,u0q0w4jj,EAST
15-18,FRIDAY,8,TRAIN,u0q5ekvx,EAST
15-18,FRIDAY,8,TRAIN,u0nqvsr7,SOUTH
15-18,FRIDAY,8,TRAIN,u0q1ewrc,SOUTH_WEST
15-18,FRIDAY,8,TRAIN,u0q4u245,SOUTH
15-18,FRIDAY,8,TRAIN,u0q21dqe,WEST
15-18,FRIDAY,8,TRAIN,u0nrj974,SOUTH_EAST
15-18,FRIDAY,8,TRAIN,u0nrczs0,SOUTH_EAST
15-18,FRIDAY,8,TRAIN,u0q4hbt8,WEST
15-18,FRIDAY,8,TRAIN,u0q1u7u2,SOUTH_WEST
15-18,FRIDAY,8,TRAIN,u0nrjnm5,SOUTH
15-18,FRIDAY,8,TRAIN,u0q0tffk,WEST
15-18,FRIDAY,8,TRAIN,u0q5h4v6,SOUTH
15-18,FRIDAY,8,TRAIN,u0nrs6gh,SOUTH
15-18,FRIDAY,8,TRAIN,u0q1u705,SOUTH_WEST
15-18,FRIDAY,8,TRAIN,u0q21ne5,SOUTH_EAST
15-18,FRIDAY,8,TRAIN,u0q5kjvz,SOUTH_WEST
15-18,FRIDAY,8,TRAIN,u0q17rnw,SOUTH_WEST
15-18,FRIDAY,8,TRAIN,u0q219pf,SOUTH_EAST
15-18,FRIDAY,8,TRAIN,u0q1etyx,SOUTH
15-18,FRIDAY,8,TRAIN,u0nrfejv,SOUTH_EAST
15-18,FRIDAY,8,TRAIN,u0nqvwzc,SOUTH
15-18,FRIDAY,8,TRAIN,u0nrfnt3,SOUTH_EAST
15-18,FRIDAY,8,TRAIN,u0q4hb6s,SOUTH_WEST
15-18,FRIDAY,8,TRAIN,u0q4smsz,SOUTH_EAST
15-18,FRIDAY,8,TRAIN,u0q0ss6n,EAST
15-18,FRIDAY,8,TRAIN,u0q5kj4y,SOUTH_WEST
15-18,FRIDAY,8,TRAIN,u0q4jmdm,SOUTH
15-18,FRIDAY,8,TRAIN,u0q21d7w,SOUTH
15-18,FRIDAY,8,TRAIN,u0q4kv8b,SOUTH
15-18,FRIDAY,8,TRAIN,u0q0rrcx,SOUTH_WEST
15-18,FRIDAY,8,TRAIN,u0nrjp7p,SOUTH
15-18,FRIDAY,8,TRAIN,u0q5kqbc,SOUTH_WEST
15-18,FRIDAY,8,TRAIN,u0q4m0wr,SOUTH
15-18,FRIDAY,8,TRAIN,u0q21e0m,SOUTH_EAST
15-18,FRIDAY,8,TRAIN,u0q4kxq1,SOUTH_EAST
15-18,FRIDAY,8,TRAIN,u0q57gkk,SOUTH
15-18,FRIDAY,8,TRAIN,u0q4j146,SOUTH_WEST
15-18,FRIDAY,8,TRAIN,u0q1etu5,NORTH
15-18,FRIDAY,8,TRAIN,u0q4m1kg,SOUTH_EAST
15-18,FRIDAY,8,TRAIN,u0q0sjgq,EAST
15-18,FRIDAY,8,TRAIN,u0q4kgd9,SOUTH_EAST
15-18,FRIDAY,8,TRAIN,u0q0w49e,SOUTH_EAST
15-18,FRIDAY,8,TRAIN,u0q1et1f,SOUTH
15-18,FRIDAY,8,TRAIN,u0q4u626,SOUTH
15-18,FRIDAY,8,TRAIN,u0q5etq3,EAST
15-18,FRIDAY,8,TRAIN,u0nqv3wc,SOUTH_WEST
15-18,FRIDAY,8,TRAIN,u0q22jdx,EAST
15-18,FRIDAY,8,TRAIN,u0nrg2np,EAST
15-18,FRIDAY,8,TRAIN,u0q5ek9t,EAST
15-18,FRIDAY,8,TRAIN,u0q57bwz,SOUTH
15-18,FRIDAY,8,TRAIN,u0q5dv50,NORTH_EAST
15-18,FRIDAY,8,TRAIN,u0q0w8r6,SOUTH_EAST
15-18,FRIDAY,8,TRAIN,u0q1e6pf,SOUTH
15-18,FRIDAY,8,TRAIN,u0q1u4tu,SOUTH_WEST
15-18,FRIDAY,8,TRAIN,u0q0rx43,EAST
15-18,FRIDAY,8,TRAIN,u0q1u1gs,SOUTH_WEST
15-18,FRIDAY,8,TRAIN,u0nrsntu,SOUTH_EAST
15-18,FRIDAY,8,TRAIN,u0nrs2tj,SOUTH
15-18,FRIDAY,8,TRAIN,u0q21np0,SOUTH_EAST
15-18,FRIDAY,8,TRAIN,u0q1ews3,SOUTH_EAST
15-18,FRIDAY,8,TRAIN,u0q5h5tj,SOUTH
15-18,FRIDAY,8,TRAIN,u0nrksue,SOUTH_EAST
15-18,FRIDAY,8,TRAIN,u0q0rye8,SOUTH_EAST
15-18,FRIDAY,8,TRAIN,u0q4u29j,SOUTH
15-18,FRIDAY,8,TRAIN,u0nrsjxw,SOUTH
15-18,FRIDAY,8,TRAIN,u0nrsjzp,SOUTH
15-18,FRIDAY,8,TRAIN,u0q4sqh3,SOUTH
15-18,FRIDAY,8,TRAIN,u0nrg1th,SOUTH_EAST
15-18,FRIDAY,8,TRAIN,u0q5et40,EAST
15-18,FRIDAY,8,TRAIN,u0q1u7vy,SOUTH_WEST
15-18,FRIDAY,8,TRAIN,u0q1ewq7,NORTH_WEST
15-18,FRIDAY,8,TRAIN,u0nrjjjw,SOUTH
15-18,FRIDAY,8,TRAIN,u0q1ex4v,SOUTH
15-18,FRIDAY,8,TRAIN,u0q21p1d,SOUTH_EAST
15-18,FRIDAY,8,TRAIN,u0q1e88x,SOUTH
15-18,FRIDAY,8,TRAIN,u0q5dszj,EAST
15-18,FRIDAY,8,TRAIN,u0q0sm1q,SOUTH_EAST
15-18,FRIDAY,8,TRAIN,u0q1uxz9,SOUTH_WEST
15-18,FRIDAY,8,TRAIN,u0q5s2y0,SOUTH
15-18,FRIDAY,8,TRAIN,u0q22bwd,SOUTH
15-18,FRIDAY,8,TRAIN,u0q4u708,SOUTH
15-18,FRIDAY,8,TRAIN,u0q0ssq3,EAST
15-18,FRIDAY,8,TRAIN,u0q1utkx,SOUTH_WEST
15-18,FRIDAY,8,TRAIN,u0q22emg,SOUTH_EAST
15-18,FRIDAY,8,TRAIN,u0q22fcs,SOUTH_EAST
15-18,FRIDAY,8,TRAIN,u0q1ewjv,NORTH_EAST
15-18,FRIDAY,8,TRAIN,u0q4smmm,SOUTH_EAST
15-18,FRIDAY,8,TRAIN,u0q0w922,SOUTH_EAST
15-18,FRIDAY,8,TRAIN,u0q5dvqx,EAST
15-18,FRIDAY,8,TRAIN,u0q22f5f,SOUTH_EAST
15-18,FRIDAY,8,TRAIN,u0nqvd6f,SOUTH_WEST
15-18,FRIDAY,8,TRAIN,u0q5ev42,SOUTH_EAST
15-18,FRIDAY,8,TRAIN,u0q1u19s,SOUTH_WEST
15-18,FRIDAY,8,TRAIN,u0nrkckq,SOUTH_EAST
15-18,FRIDAY,8,TRAIN,u0nrsk17,SOUTH
15-18,FRIDAY,8,TRAIN,u0q0w3sq,SOUTH_EAST
15-18,FRIDAY,8,TRAIN,u0q4u382,SOUTH
15-18,FRIDAY,8,TRAIN,u0nqvtng,SOUTH
15-18,FRIDAY,8,TRAIN,u0q1uxn6,SOUTH_WEST
15-18,FRIDAY,8,TRAIN,u0q4sqgq,SOUTH
15-18,FRIDAY,8,TRAIN,u0q4s9d8,SOUTH
15-18,FRIDAY,8,TRAIN,u0q4kfty,SOUTH_EAST
15-18,FRIDAY,8,TRAIN,u0q5s4uy,SOUTH_EAST
15-18,FRIDAY,8,TRAIN,u0q5eje0,SOUTH_EAST
15-18,FRIDAY,8,TRAIN,u0q1gbkc,SOUTH_WEST
15-18,FRIDAY,8,TRAIN,u0q21dg6,SOUTH_EAST
15-18,FRIDAY,8,TRAIN,u0nqv3xv,SOUTH_WEST
15-18,FRIDAY,8,TRAIN,u0nrkexr,SOUTH_EAST
15-18,FRIDAY,8,TRAIN,u0nqv3wd,EAST
15-18,FRIDAY,8,TRAIN,u0q4j7gf,SOUTH
15-18,FRIDAY,8,TRAIN,u0nrj5yp,SOUTH_EAST
15-18,FRIDAY,8,TRAIN,u0nrfmbm,SOUTH_EAST
15-18,FRIDAY,8,TRAIN,u0q4jk9b,SOUTH_EAST
15-18,FRIDAY,8,TRAIN,u0q0skw7,EAST
15-18,FRIDAY,8,TRAIN,u0q4ku1d,SOUTH_EAST
15-18,FRIDAY,8,TRAIN,u0q4smjx,SOUTH
15-18,FRIDAY,8,TRAIN,u0nrj6qc,SOUTH_EAST
15-18,FRIDAY,8,TRAIN,u0q4ky26,SOUTH
15-18,FRIDAY,8,TRAIN,u0q4jpyk,SOUTH_EAST
15-18,FRIDAY,8,TRAIN,u0q22m36,SOUTH_EAST
15-18,FRIDAY,8,TRAIN,u0q0rpxm,NORTH_EAST
15-18,FRIDAY,8,TRAIN,u0nrezd4,EAST
15-18,FRIDAY,8,TRAIN,u0q21kqx,SOUTH_EAST
15-18,FRIDAY,8,TRAIN,u0q21m9q,SOUTH_EAST
15-18,FRIDAY,8,TRAIN,u0q1uwku,SOUTH
15-18,FRIDAY,8,TRAIN,u0q4s7zk,SOUTH
15-18,FRIDAY,8,TRAIN,u0nrsp53,SOUTH_EAST
15-18,FRIDAY,8,TRAIN,u0q4jppz,SOUTH
15-18,FRIDAY,8,TRAIN,u0q1gbzj,SOUTH_WEST
15-18,FRIDAY,8,TRAIN,u0q0qzm8,EAST
15-18,FRIDAY,8,TRAIN,u0q22jcp,EAST
15-18,FRIDAY,8,TRAIN,u0q21njp,EAST
15-18,FRIDAY,8,TRAIN,u0q4kub9,SOUTH
15-18,FRIDAY,8,TRAIN,u0q5s3d6,SOUTH_EAST
15-18,FRIDAY,8,TRAIN,u0q22jt3,EAST
15-18,FRIDAY,8,TRAIN,u0nrfeef,SOUTH_EAST
15-18,FRIDAY,8,TRAIN,u0q57gv9,SOUTH_WEST
15-18,FRIDAY,8,TRAIN,u0q0tfcp,EAST
15-18,FRIDAY,8,TRAIN,u0q4kfqy,SOUTH_EAST
15-18,FRIDAY,8,TRAIN,u0q0w8sr,SOUTH_EAST
15-18,FRIDAY,8,TRAIN,u0q1u14j,NORTH
15-18,FRIDAY,8,TRAIN,u0q0t5g4,EAST
15-18,FRIDAY,8,TRAIN,u0q4j3em,WEST
15-18,FRIDAY,8,TRAIN,u0q0tg02,EAST
15-18,FRIDAY,8,TRAIN,u0q22kex,SOUTH_EAST
15-18,FRIDAY,8,TRAIN,u0q0w61y,SOUTH_EAST
15-18,FRIDAY,8,TRAIN,u0nrktcz,SOUTH_EAST
15-18,FRIDAY,8,TRAIN,u0q4m1bx,SOUTH_EAST
15-18,FRIDAY,8,TRAIN,u0q219sw,SOUTH_EAST
15-18,FRIDAY,8,TRAIN,u0q4m1dq,SOUTH_EAST
15-18,FRIDAY,8,TRAIN,u0q5ehvs,EAST
15-18,FRIDAY,8,TRAIN,u0q4s8kk,SOUTH
15-18,FRIDAY,8,TRAIN,u0q0supk,EAST
15-18,FRIDAY,8,TRAIN,u0q0rwyy,EAST
15-18,FRIDAY,8,TRAIN,u0q4u5wv,SOUTH_EAST
15-18,FRIDAY,8,TRAIN,u0q1et56,NORTH
15-18,FRIDAY,8,TRAIN,u0q4sd9j,SOUTH
15-18,FRIDAY,8,TRAIN,u0nrff7t,EAST
15-18,FRIDAY,8,TRAIN,u0q21m5y,SOUTH_EAST
15-18,FRIDAY,8,TRAIN,u0nrkw2k,SOUTH_EAST
15-18,FRIDAY,8,TRAIN,u0q0ryjg,EAST
15-18,FRIDAY,8,TRAIN,u0nqvdvn,SOUTH_WEST
15-18,FRIDAY,8,TRAIN,u0q0t77y,EAST
15-18,FRIDAY,8,TRAIN,u0q0su69,EAST
15-18,FRIDAY,8,TRAIN,u0q1e826,SOUTH
15-18,FRIDAY,8,TRAIN,u0q4j755,SOUTH
15-18,FRIDAY,8,TRAIN,u0q4kfre,SOUTH_EAST
15-18,FRIDAY,8,TRAIN,u0nrg2by,SOUTH_EAST
15-18,FRIDAY,8,TRAIN,u0nqvwxf,SOUTH
15-18,FRIDAY,8,TRAIN,u0nrfm78,SOUTH_EAST
15-18,FRIDAY,8,TRAIN,u0q0eyjd,EAST
15-18,FRIDAY,8,TRAIN,u0q1es6d,NORTH
15-18,FRIDAY,8,TRAIN,u0q21njw,SOUTH_EAST
15-18,FRIDAY,8,TRAIN,u0q1e927,SOUTH
15-18,FRIDAY,8,TRAIN,u0nrfdzg,SOUTH_EAST
15-18,FRIDAY,8,TRAIN,u0q17rn4,SOUTH
15-18,FRIDAY,8,TRAIN,u0q4kg72,SOUTH_EAST
15-18,FRIDAY,8,TRAIN,u0q22jcv,SOUTH_EAST
15-18,FRIDAY,8,TRAIN,u0nrs3gf,SOUTH
15-18,FRIDAY,8,TRAIN,u0q4kg5y,SOUTH_EAST
15-18,FRIDAY,8,TRAIN,u0q5s4pn,SOUTH_EAST
15-18,FRIDAY,8,TRAIN,u0nrfs0m,SOUTH_EAST
15-18,FRIDAY,8,TRAIN,u0q22e9e,EAST
15-18,FRIDAY,8,TRAIN,u0q17rzw,SOUTH_WEST
15-18,FRIDAY,8,TRAIN,u0nqvewg,SOUTH_WEST
15-18,FRIDAY,8,TRAIN,u0q0qz9s,EAST
15-18,FRIDAY,8,TRAIN,u0q5s2mg,SOUTH_WEST
15-18,FRIDAY,8,TRAIN,u0nqv3x1,WEST
15-18,FRIDAY,8,TRAIN,u0q0rp0f,EAST
15-18,FRIDAY,8,TRAIN,u0q22knf,SOUTH_EAST
9-12,SATURDAY,8,BUS,u0nq9t5m,NORTH_WEST
9-12,SATURDAY,8,BUS,u0nq9t8g,NORTH_WEST
9-12,SATURDAY,8,BUS,u0nq9tb1,NORTH_EAST
9-12,SATURDAY,8,BUS,u0nq9tbx,SOUTH_WEST
12-15,SATURDAY,8,CAR,u0nq9t4s,EAST
12-15,SATURDAY,8,CAR,u0nq9txe,NORTH
12-15,SATURDAY,8,CAR,u0nq9thw,EAST
12-15,SATURDAY,8,CAR,u0nq9y2n,SOUTH
12-15,SATURDAY,8,CAR,u0nq9tjq,EAST
12-15,SATURDAY,8,CAR,u0nq9y20,NORTH
12-15,SATURDAY,8,CAR,u0nq9y0k,NORTH
12-15,SATURDAY,8,CAR,u0nq9y25,NORTH_EAST
12-15,SATURDAY,8,CAR,u0nq9trs,NORTH
18-21,SATURDAY,8,WALKING,u0nq8jpy,NORTH_EAST
18-21,SATURDAY,8,WALKING,u0nq8m20,NORTH_EAST
18-21,SATURDAY,8,WALKING,u0nq8m91,WEST
18-21,SATURDAY,8,WALKING,u0nq8jp6,NORTH_EAST
18-21,SATURDAY,8,WALKING,u0nq8jnb,NORTH_EAST
18-21,SATURDAY,8,WALKING,u0nq8m2m,NORTH
18-21,SATURDAY,8,WALKING,u0nq8m88,EAST
18-21,SATURDAY,8,WALKING,u0nq8hyr,EAST
15-18,FRIDAY,8,TRAIN,u0q1ukq7,SOUTH_WEST
15-18,FRIDAY,8,TRAIN,u0q4kxt9,SOUTH_EAST
15-18,FRIDAY,8,TRAIN,u0q4kfty,SOUTH_EAST
15-18,FRIDAY,8,TRAIN,u0q4j3g2,SOUTH_WEST
15-18,FRIDAY,8,TRAIN,u0q1esbc,SOUTH
15-18,FRIDAY,8,TRAIN,u0q4jpre,SOUTH
15-18,FRIDAY,8,TRAIN,u0q4kfpv,SOUTH_EAST
15-18,FRIDAY,8,TRAIN,u0q4u2bg,SOUTH
15-18,FRIDAY,8,TRAIN,u0q4m1n1,SOUTH
15-18,FRIDAY,8,TRAIN,u0q1e2p9,SOUTH_WEST
15-18,FRIDAY,8,TRAIN,u0q1ukj2,SOUTH_WEST
15-18,FRIDAY,8,TRAIN,u0q4j6de,SOUTH_EAST
15-18,FRIDAY,8,TRAIN,u0q1gcp8,SOUTH_WEST
15-18,FRIDAY,8,TRAIN,u0q1gbyj,NORTH_EAST
15-18,FRIDAY,8,TRAIN,u0q1u5p9,SOUTH_WEST
15-18,FRIDAY,8,TRAIN,u0q1exje,NORTH_EAST
15-18,FRIDAY,8,TRAIN,u0q4sqkh,SOUTH
15-18,FRIDAY,8,TRAIN,u0q4j7eg,SOUTH
15-18,FRIDAY,8,TRAIN,u0q1uwkt,SOUTH
15-18,FRIDAY,8,TRAIN,u0q4u384,SOUTH
15-18,FRIDAY,8,TRAIN,u0q17rq7,SOUTH
15-18,FRIDAY,8,TRAIN,u0q17rnp,SOUTH
15-18,FRIDAY,8,TRAIN,u0q1u4mn,SOUTH_WEST
15-18,FRIDAY,8,TRAIN,u0q4kfuu,SOUTH_EAST
15-18,FRIDAY,8,TRAIN,u0q4kxnd,SOUTH_EAST
15-18,FRIDAY,8,TRAIN,u0q57ghh,SOUTH
15-18,FRIDAY,8,TRAIN,u0q4hbx5,WEST
15-18,FRIDAY,8,TRAIN,u0q4jq40,SOUTH
15-18,FRIDAY,8,TRAIN,u0q57bqc,SOUTH
15-18,FRIDAY,8,TRAIN,u0q4m403,SOUTH_EAST
15-18,FRIDAY,8,TRAIN,u0q1u4y2,SOUTH_WEST
15-18,FRIDAY,8,TRAIN,u0q4kg5r,SOUTH_EAST
15-18,FRIDAY,8,TRAIN,u0q1u11v,SOUTH_WEST
15-18,FRIDAY,8,TRAIN,u0q4u60n,SOUTH
15-18,FRIDAY,8,TRAIN,u0q4m0me,SOUTH
15-18,FRIDAY,8,TRAIN,u0q4ukb4,SOUTH_WEST
15-18,FRIDAY,8,TRAIN,u0q4kg6y,SOUTH_EAST
15-18,FRIDAY,8,TRAIN,u0q1e889,SOUTH
15-18,FRIDAY,8,TRAIN,u0q4j36p,WEST
15-18,FRIDAY,8,TRAIN,u0q4smmk,SOUTH
15-18,FRIDAY,8,TRAIN,u0q1etn5,SOUTH_WEST
15-18,FRIDAY,8,TRAIN,u0q1u0bm,WEST
15-18,FRIDAY,8,TRAIN,u0q5h4te,SOUTH_EAST
15-18,FRIDAY,8,TRAIN,u0q1e80n,SOUTH_WEST
15-18,FRIDAY,8,TRAIN,u0q4uhqv,SOUTH_WEST
15-18,FRIDAY,8,TRAIN,u0q4u62q,SOUTH
15-18,FRIDAY,8,TRAIN,u0q1e827,SOUTH
15-18,FRIDAY,8,TRAIN,u0q5h4q6,SOUTH
15-18,FRIDAY,8,TRAIN,u0q1etf9,SOUTH
15-18,FRIDAY,8,TRAIN,u0q4jk6b,SOUTH_EAST
15-18,FRIDAY,8,TRAIN,u0q1ez0z,SOUTH_WEST
15-18,FRIDAY,8,TRAIN,u0q1us84,SOUTH_WEST
15-18,FRIDAY,8,TRAIN,u0q1e905,SOUTH_EAST
15-18,FRIDAY,8,TRAIN,u0q4kg71,SOUTH_EAST
15-18,FRIDAY,8,TRAIN,u0q4sd8u,SOUTH
15-18,FRIDAY,8,TRAIN,u0q1etsz,SOUTH
15-18,FRIDAY,8,TRAIN,u0q4j65u,SOUTH
15-18,FRIDAY,8,TRAIN,u0q1e92n,SOUTH
15-18,FRIDAY,8,TRAIN,u0q1e8b9,SOUTH
15-18,FRIDAY,8,TRAIN,u0q1u1g4,SOUTH
15-18,FRIDAY,8,TRAIN,u0q17rzk,SOUTH_WEST
15-18,FRIDAY,8,TRAIN,u0q4jq34,SOUTH_EAST
15-18,FRIDAY,8,TRAIN,u0q4smjd,SOUTH
15-18,FRIDAY,8,TRAIN,u0q4jm39,SOUTH
15-18,FRIDAY,8,TRAIN,u0q4hb64,SOUTH_WEST
15-18,FRIDAY,8,TRAIN,u0q4u70t,SOUTH
15-18,FRIDAY,8,TRAIN,u0q57bwz,SOUTH
15-18,FRIDAY,8,TRAIN,u0q4u5y8,SOUTH_EAST
15-18,FRIDAY,8,TRAIN,u0q1u12c,SOUTH_WEST
15-18,FRIDAY,8,TRAIN,u0q4m1du,SOUTH_EAST
15-18,FRIDAY,8,TRAIN,u0q1uxjf,SOUTH
15-18,FRIDAY,8,TRAIN,u0q1exr3,NORTH_EAST
15-18,FRIDAY,8,TRAIN,u0q4kub8,SOUTH
15-18,FRIDAY,8,TRAIN,u0q4ky0q,SOUTH
15-18,FRIDAY,8,TRAIN,u0q4jq8m,SOUTH_EAST
15-18,FRIDAY,8,TRAIN,u0q1ewkw,NORTH
15-18,FRIDAY,8,TRAIN,u0q1ewr8,SOUTH_WEST
15-18,FRIDAY,8,TRAIN,u0q4u5rz,SOUTH_EAST
15-18,FRIDAY,8,TRAIN,u0q4smux,SOUTH
15-18,FRIDAY,8,TRAIN,u0q1u19t,SOUTH_WEST
15-18,FRIDAY,8,TRAIN,u0q4sky4,SOUTH
15-18,FRIDAY,8,TRAIN,u0q1ez6w,SOUTH_WEST
15-18,FRIDAY,8,TRAIN,u0q4m1s0,SOUTH_EAST
15-18,FRIDAY,8,TRAIN,u0q1etuq,NORTH
15-18,FRIDAY,8,TRAIN,u0q4srf4,SOUTH
15-18,FRIDAY,8,TRAIN,u0q1eybj,SOUTH
15-18,FRIDAY,8,TRAIN,u0q4sqgd,SOUTH
15-18,FRIDAY,8,TRAIN,u0q1ew7q,SOUTH_WEST
15-18,FRIDAY,8,TRAIN,u0q4kv2w,SOUTH
15-18,FRIDAY,8,TRAIN,u0q4u23e,SOUTH
15-18,FRIDAY,8,TRAIN,u0q4kfqy,SOUTH_EAST
15-18,FRIDAY,8,TRAIN,u0q4kvbc,SOUTH
15-18,FRIDAY,8,TRAIN,u0q4j144,SOUTH_WEST
15-18,FRIDAY,8,TRAIN,u0q17qvb,SOUTH
15-18,FRIDAY,8,TRAIN,u0q4kwxs,SOUTH_EAST
15-18,FRIDAY,8,TRAIN,u0q1u730,SOUTH_WEST
15-18,FRIDAY,8,TRAIN,u0q4kv07,SOUTH
15-18,FRIDAY,8,TRAIN,u0q4smsy,SOUTH
15-18,FRIDAY,8,TRAIN,u0q4j7gw,SOUTH
15-18,FRIDAY,8,TRAIN,u0q4jmdk,SOUTH_WEST
15-18,FRIDAY,8,TRAIN,u0q1et5r,NORTH
15-18,FRIDAY,8,TRAIN,u0q4hb0d,SOUTH_WEST
15-18,FRIDAY,8,TRAIN,u0q1etku,SOUTH_EAST
15-18,FRIDAY,8,TRAIN,u0q1es6m,NORTH
15-18,FRIDAY,8,TRAIN,u0q4ku1k,SOUTH
15-18,FRIDAY,8,TRAIN,u0q4sr6f,SOUTH
15-18,FRIDAY,8,TRAIN,u0q1u77p,SOUTH_WEST
15-18,FRIDAY,8,TRAIN,u0q4m0wq,SOUTH_WEST
15-18,FRIDAY,8,TRAIN,u0q1u16z,SOUTH_WEST
15-18,FRIDAY,8,TRAIN,u0q1gbm7,SOUTH_WEST
15-18,FRIDAY,8,TRAIN,u0q4jkd5,SOUTH_EAST
15-18,FRIDAY,8,TRAIN,u0q4j0be,SOUTH_WEST
15-18,FRIDAY,8,TRAIN,u0q1ezbt,SOUTH_WEST
15-18,FRIDAY,8,TRAIN,u0q4se0m,SOUTH
15-18,FRIDAY,8,TRAIN,u0q4kgdj,SOUTH_EAST
15-18,FRIDAY,8,TRAIN,u0q1ut4s,SOUTH_WEST
15-18,FRIDAY,8,TRAIN,u0q4s8s1,SOUTH
15-18,FRIDAY,8,TRAIN,u0q1u4hh,SOUTH_WEST
15-18,FRIDAY,8,TRAIN,u0q4jkcq,SOUTH_EAST
15-18,FRIDAY,8,TRAIN,u0q4hbkn,WEST
15-18,FRIDAY,8,TRAIN,u0q1gb5u,SOUTH
15-18,FRIDAY,8,TRAIN,u0q1etd1,SOUTH
15-18,FRIDAY,8,TRAIN,u0q1ezg3,SOUTH_WEST
15-18,FRIDAY,8,TRAIN,u0q4skph,SOUTH
15-18,FRIDAY,8,TRAIN,u0q4j75r,SOUTH_WEST
15-18,FRIDAY,8,TRAIN,u0q1utsy,SOUTH_WEST
15-18,FRIDAY,8,TRAIN,u0q4ku3n,SOUTH
15-18,FRIDAY,8,TRAIN,u0q1ez8d,NORTH
15-18,FRIDAY,8,TRAIN,u0q4kfw3,SOUTH_EAST
15-18,FRIDAY,8,TRAIN,u0q1usc9,SOUTH_WEST
15-18,FRIDAY,8,TRAIN,u0q4kgcs,SOUTH_EAST
15-18,FRIDAY,8,TRAIN,u0q4j6fm,SOUTH
15-18,FRIDAY,8,TRAIN,u0q1et3c,SOUTH
15-18,FRIDAY,8,TRAIN,u0q17rwy,SOUTH
15-18,FRIDAY,8,TRAIN,u0q4smmp,SOUTH
15-18,FRIDAY,8,TRAIN,u0q1uwtx,SOUTH_WEST
15-18,FRIDAY,8,TRAIN,u0q1ew4d,SOUTH
15-18,FRIDAY,8,TRAIN,u0q57bpj,SOUTH
15-18,FRIDAY,8,TRAIN,u0q4uhn4,SOUTH
15-18,FRIDAY,8,TRAIN,u0q4m1cb,SOUTH_EAST
15-18,FRIDAY,8,TRAIN,u0q4skw8,SOUTH
15-18,FRIDAY,8,TRAIN,u0q1utkh,SOUTH_WEST
15-18,FRIDAY,8,TRAIN,u0q1uxz3,SOUTH_WEST
15-18,FRIDAY,8,TRAIN,u0q1et18,SOUTH_WEST
15-18,FRIDAY,8,TRAIN,u0q4m1m1,SOUTH_EAST
15-18,FRIDAY,8,TRAIN,u0q4s8hc,SOUTH
15-18,FRIDAY,8,TRAIN,u0q1u7u2,SOUTH_WEST
15-18,FRIDAY,8,TRAIN,u0q4u323,SOUTH
15-18,FRIDAY,8,TRAIN,u0q1ewu3,NORTH_EAST
15-18,FRIDAY,8,TRAIN,u0q4u3b5,SOUTH
15-18,FRIDAY,8,TRAIN,u0q4kfr6,SOUTH_EAST
15-18,FRIDAY,8,TRAIN,u0q4jpwv,SOUTH_EAST
15-18,FRIDAY,8,TRAIN,u0q1gbwq,SOUTH_WEST
15-18,FRIDAY,8,TRAIN,u0q4jpvz,SOUTH_EAST
15-18,FRIDAY,8,TRAIN,u0q1etyr,SOUTH_WEST
15-18,FRIDAY,8,TRAIN,u0q1uxqw,SOUTH_WEST
15-18,FRIDAY,8,TRAIN,u0q1uwh9,SOUTH
15-18,FRIDAY,8,TRAIN,u0q4smm8,SOUTH
15-18,FRIDAY,8,TRAIN,u0q1e3zg,SOUTH
15-18,FRIDAY,8,TRAIN,u0q4s9d7,SOUTH
15-18,FRIDAY,8,TRAIN,u0q4sd1s,SOUTH
15-18,FRIDAY,8,TRAIN,u0q17rw9,SOUTH_WEST
15-18,FRIDAY,8,TRAIN,u0q4m1ch,SOUTH_EAST
15-18,FRIDAY,8,TRAIN,u0q4jppb,SOUTH
15-18,FRIDAY,8,TRAIN,u0q17rn7,SOUTH_WEST
15-18,FRIDAY,8,TRAIN,u0q4s7xt,SOUTH
15-18,FRIDAY,8,TRAIN,u0q4u604,SOUTH
15-18,FRIDAY,8,TRAIN,u0q4u6b9,SOUTH
15-18,FRIDAY,8,TRAIN,u0q17rn1,SOUTH
15-18,FRIDAY,8,TRAIN,u0q1etee,NORTH_EAST
15-18,FRIDAY,8,TRAIN,u0q4s954,SOUTH
12-15,SUNDAY,8,TRAIN,u0nqs4gp,EAST
12-15,SUNDAY,8,TRAIN,u0nqss6g,NORTH_EAST
12-15,SUNDAY,8,TRAIN,u0nqsvd8,NORTH_EAST
12-15,SUNDAY,8,TRAIN,u0nqedp8,EAST
12-15,SUNDAY,8,TRAIN,u0nqef1t,EAST
12-15,SUNDAY,8,TRAIN,u0nqe9g6,EAST
12-15,SUNDAY,8,TRAIN,u0nqs4ft,EAST
12-15,SUNDAY,8,TRAIN,u0nqe3zd,EAST
12-15,SUNDAY,8,TRAIN,u0nqefmr,EAST
12-15,SUNDAY,8,TRAIN,u0nqe9be,EAST
12-15,SUNDAY,8,TRAIN,u0nqs558,EAST
12-15,SUNDAY,8,TRAIN,u0nqs73p,EAST
12-15,SUNDAY,8,TRAIN,u0nqefwu,EAST
12-15,SUNDAY,8,TRAIN,u0nqs7em,EAST
12-15,SUNDAY,8,TRAIN,u0nqsvsp,NORTH_EAST
12-15,SUNDAY,8,TRAIN,u0nqs5he,EAST
12-15,SUNDAY,8,TRAIN,u0nqsv04,NORTH_EAST
12-15,SUNDAY,8,TRAIN,u0nqs48r,EAST
12-15,SUNDAY,8,TRAIN,u0nqs4ce,EAST
12-15,SUNDAY,8,TRAIN,u0nqssys,NORTH_EAST
12-15,SUNDAY,8,TRAIN,u0nqs7vs,EAST
12-15,SUNDAY,8,TRAIN,u0nqsssu,NORTH_EAST
12-15,SUNDAY,8,TRAIN,u0nqe9vs,EAST
12-15,SUNDAY,8,TRAIN,u0nqe9cg,EAST
12-15,SUNDAY,8,TRAIN,u0nqs5q8,EAST
12-15,SUNDAY,8,TRAIN,u0nqsv33,NORTH_EAST
12-15,SUNDAY,8,TRAIN,u0nqss0k,EAST
12-15,SUNDAY,8,TRAIN,u0nqef7e,EAST
12-15,SUNDAY,8,TRAIN,u0nqsvet,NORTH_EAST
12-15,SUNDAY,8,TRAIN,u0nqtng7,NORTH_EAST
12-15,SUNDAY,8,TRAIN,u0nqv2db,NORTH_EAST
12-15,SUNDAY,8,TRAIN,u0nqtpqq,NORTH_EAST
12-15,SUNDAY,8,TRAIN,u0nqv2gd,NORTH_EAST
12-15,SUNDAY,8,TRAIN,u0nqtpxz,NORTH_EAST
12-15,SUNDAY,8,TRAIN,u0nqtndh,NORTH_EAST
12-15,SUNDAY,8,TRAIN,u0nqv3mf,NORTH_EAST
12-15,SUNDAY,8,TRAIN,u0nqv210,NORTH_EAST
12-15,SUNDAY,8,TRAIN,u0nqv3jj,NORTH_EAST
12-15,SUNDAY,8,TRAIN,u0nqv263,NORTH_EAST
12-15,SUNDAY,8,TRAIN,u0nqtphs,NORTH_EAST
12-15,SUNDAY,8,TRAIN,u0q217zq,NORTH_WEST
12-15,SUNDAY,8,TRAIN,u0q21m3b,NORTH_WEST
12-15,SUNDAY,8,TRAIN,u0q21m4k,NORTH_WEST
12-15,SUNDAY,8,TRAIN,u0q0t7yv,WEST
12-15,SUNDAY,8,TRAIN,u0q0t7uz,WEST
12-15,SUNDAY,8,TRAIN,u0q0tgjw,WEST
12-15,SUNDAY,8,TRAIN,u0q0t7up,WEST
12-15,SUNDAY,8,TRAIN,u0q1essn,SOUTH_WEST
12-15,SUNDAY,8,TRAIN,u0q1ewj5,SOUTH
12-15,SUNDAY,8,TRAIN,u0q1e9bc,NORTH
12-15,SUNDAY,8,TRAIN,u0q1etug,NORTH_EAST
12-15,SUNDAY,8,TRAIN,u0q1ezmh,WEST
12-15,SUNDAY,8,TRAIN,u0q1exng,SOUTH
12-15,SUNDAY,8,TRAIN,u0q1esef,NORTH
12-15,SUNDAY,8,TRAIN,u0q1ewtz,SOUTH
12-15,SUNDAY,8,TRAIN,u0q4ssb7,EAST
12-15,SUNDAY,8,TRAIN,u0q4st1d,NORTH_WEST
12-15,SUNDAY,8,TRAIN,u0q4sjv8,EAST
12-15,SUNDAY,8,TRAIN,u0q4st8r,SOUTH_EAST
12-15,SUNDAY,8,TRAIN,u0q4ssc3,NORTH
12-15,SUNDAY,8,TRAIN,u0q4st2x,NORTH
15-18,SUNDAY,8,TRAIN,u0q5s5c4,NORTH
15-18,SUNDAY,8,TRAIN,u0q5ef54,NORTH_EAST
15-18,SUNDAY,8,TRAIN,u0q5khzp,NORTH_EAST
15-18,SUNDAY,8,TRAIN,u0q57fs0,NORTH_EAST
15-18,SUNDAY,8,TRAIN,u0q5k5f4,NORTH_EAST
15-18,SUNDAY,8,TRAIN,u0q5s2ne,NORTH
15-18,SUNDAY,8,TRAIN,u0q5eupe,SOUTH_EAST
15-18,SUNDAY,8,TRAIN,u0q5s2qx,WEST
15-18,SUNDAY,8,TRAIN,u0q5krwm,NORTH
15-18,SUNDAY,8,TRAIN,u0q5bren,NORTH_WEST
15-18,SUNDAY,8,TRAIN,u0qh02kv,NORTH
15-18,SUNDAY,8,TRAIN,u0q5bqsb,NORTH
15-18,SUNDAY,8,TRAIN,u0q5brfe,NORTH
15-18,SUNDAY,8,TRAIN,u0q5brfx,NORTH_EAST
15-18,SUNDAY,8,TRAIN,u0mgthg3,NORTH
15-18,SUNDAY,8,TRAIN,u0mgthew,NORTH
15-18,SUNDAY,8,TRAIN,u0mgthee,NORTH
15-18,SUNDAY,8,TRAIN,u0mgthdu,EAST
15-18,SUNDAY,8,CAR,u0m70fqt,WEST
15-18,SUNDAY,8,CAR,u0m7149h,WEST
15-18,SUNDAY,8,CAR,u0m714mz,WEST
15-18,SUNDAY,8,CAR,u0m714s2,WEST
15-18,SUNDAY,8,CAR,u0m70fk4,WEST
15-18,SUNDAY,8,CAR,u0m70fm6,WEST
15-18,SUNDAY,8,CAR,u0m70f31,WEST
15-18,SUNDAY,8,CAR,u0m70fk9,WEST
15-18,SUNDAY,8,CAR,u0m70dpp,SOUTH
15-18,SUNDAY,8,CAR,u0m70dph,SOUTH
15-18,SUNDAY,8,CAR,u0m70f23,WEST
15-18,SUNDAY,8,CAR,u0m714qz,WEST
15-18,SUNDAY,8,CAR,u0m714d4,WEST
15-18,SUNDAY,8,CAR,u0m71486,WEST
15-18,SUNDAY,8,CAR,u0m70f73,WEST
15-18,SUNDAY,8,CAR,u0m70fxc,WEST
15-18,SUNDAY,8,CAR,u0m714xd,SOUTH
15-18,SUNDAY,8,CAR,u0m714x7,EAST
15-18,SUNDAY,8,CAR,u0m714e1,WEST
15-18,SUNDAY,8,CAR,u0m714rz,WEST
15-18,SUNDAY,8,CAR,u0m714t2,WEST
15-18,SUNDAY,8,CAR,u0m70f68,WEST
15-18,SUNDAY,8,CAR,u0m714rr,WEST
15-18,SUNDAY,8,CAR,u0m7149e,WEST
15-18,SUNDAY,8,CAR,u0m70drc,WEST
15-18,SUNDAY,8,CAR,u0m70f3b,WEST
15-18,SUNDAY,8,CAR,u0m7148s,SOUTH_WEST
15-18,SUNDAY,8,CAR,u0m70dr3,SOUTH_WEST
15-18,SUNDAY,8,CAR,u0m70fx2,SOUTH_WEST
15-18,SUNDAY,8,CAR,u0m70fq5,WEST
12-15,SUNDAY,8,CAR,u0m70fw8,SOUTH_WEST
12-15,SUNDAY,8,CAR,u0m70fm6,WEST
12-15,SUNDAY,8,CAR,u0mgthgu,NORTH_WEST
12-15,SUNDAY,8,CAR,u0m714mr,WEST
12-15,SUNDAY,8,CAR,u0m714xm,SOUTH_EAST
12-15,SUNDAY,8,CAR,u0m70dp5,SOUTH
12-15,SUNDAY,8,CAR,u0m714kq,WEST
12-15,SUNDAY,8,CAR,u0m70f7f,WEST
12-15,SUNDAY,8,CAR,u0m71680,WEST
12-15,SUNDAY,8,CAR,u0mgtj53,NORTH_WEST
12-15,SUNDAY,8,CAR,u0mgthex,NORTH
12-15,SUNDAY,8,CAR,u0q5bssf,WEST
12-15,SUNDAY,8,CAR,u0m70dpn,SOUTH_EAST
12-15,SUNDAY,8,CAR,u0m70fxb,EAST
12-15,SUNDAY,8,CAR,u0m714xd,SOUTH_EAST
12-15,SUNDAY,8,CAR,u0m70f62,WEST
12-15,SUNDAY,8,CAR,u0mgyjrr,SOUTH_WEST
12-15,SUNDAY,8,CAR,u0m71483,WEST
12-15,SUNDAY,8,CAR,u0m714x9,WEST
12-15,SUNDAY,8,CAR,u0m714wb,WEST
12-15,SUNDAY,8,CAR,u0mgthgd,NORTH
12-15,SUNDAY,8,CAR,u0m716c5,SOUTH_WEST
12-15,SUNDAY,8,CAR,u0mgukf5,NORTH_WEST
12-15,SUNDAY,8,CAR,u0m70dr2,SOUTH_WEST
12-15,SUNDAY,8,CAR,u0mgthgm,EAST
12-15,SUNDAY,8,CAR,u0m70f29,WEST
12-15,SUNDAY,8,CAR,u0m71489,WEST
12-15,SUNDAY,8,CAR,u0m7148g,SOUTH_WEST
12-15,SUNDAY,8,CAR,u0m714rn,NORTH_EAST
12-15,SUNDAY,8,CAR,u0mgthes,NORTH
12-15,SUNDAY,8,CAR,u0m7149e,WEST
12-15,SUNDAY,8,CAR,u0mu270q,WEST
12-15,SUNDAY,8,CAR,u0mgthe5,EAST
15-18,MONDAY,8,WALKING,u0m44yfw,NORTH_WEST
15-18,MONDAY,8,WALKING,u0m4ef7v,EAST
15-18,MONDAY,8,WALKING,u0m468p9,WEST
15-18,MONDAY,8,WALKING,u0m4zye2,NORTH_EAST
15-18,MONDAY,8,WALKING,u0m4z29s,NORTH_EAST
15-18,MONDAY,8,WALKING,u0m4zw41,EAST
15-18,MONDAY,8,WALKING,u0m47qv1,NORTH_EAST
15-18,MONDAY,8,WALKING,u0m4e9wd,NORTH_EAST
15-18,MONDAY,8,WALKING,u0m4e2ps,NORTH_EAST
15-18,MONDAY,8,WALKING,u0m44yfg,NORTH_WEST
15-18,MONDAY,8,WALKING,u0m4zzpu,SOUTH_WEST
15-18,MONDAY,8,WALKING,u0m46f47,NORTH_EAST
15-18,MONDAY,8,WALKING,u0m4zjn0,EAST
15-18,MONDAY,8,WALKING,u0m4ybyf,WEST
15-18,MONDAY,8,WALKING,u0m44z1s,NORTH_WEST
15-18,MONDAY,8,WALKING,u0m4tst5,NORTH_EAST
15-18,MONDAY,8,WALKING,u0m44yet,NORTH_WEST
15-18,MONDAY,8,WALKING,u0m7035d,SOUTH_WEST
15-18,MONDAY,8,WALKING,u0m4z6hj,WEST
15-18,MONDAY,8,WALKING,u0m7034b,NORTH_EAST
15-18,MONDAY,8,WALKING,u0m44z1w,NORTH_WEST
15-18,MONDAY,8,WALKING,u0m700x9,EAST
15-18,MONDAY,8,WALKING,u0m4zwpg,NORTH_EAST
15-18,MONDAY,8,WALKING,u0m4zs00,NORTH
15-18,MONDAY,8,WALKING,u0m700j6,NORTH_EAST
15-18,MONDAY,8,WALKING,u0m4wnxt,NORTH_EAST
15-18,MONDAY,8,WALKING,u0m70287,NORTH_EAST
15-18,MONDAY,8,WALKING,u0m709yk,EAST
15-18,MONDAY,8,WALKING,u0m4tsys,NORTH_EAST
15-18,MONDAY,8,WALKING,u0m44yec,NORTH_WEST
15-18,MONDAY,8,WALKING,u0m4sgz8,SOUTH
15-18,MONDAY,8,WALKING,u0m4yenb,NORTH_EAST
15-18,MONDAY,8,WALKING,u0m6bpdp,NORTH_EAST
15-18,MONDAY,8,WALKING,u0m4e8f8,NORTH_EAST
15-18,MONDAY,8,WALKING,u0m709b7,EAST
15-18,MONDAY,8,WALKING,u0m4z0xg,EAST
15-18,MONDAY,8,WALKING,u0m4y3vz,NORTH_EAST
15-18,MONDAY,8,WALKING,u0m468rk,NORTH_EAST
15-18,MONDAY,8,WALKING,u0m468ng,NORTH_EAST
15-18,MONDAY,8,WALKING,u0m4t7y6,NORTH_EAST
15-18,MONDAY,8,WALKING,u0m44z31,SOUTH_EAST
15-18,MONDAY,8,WALKING,u0m70dnb,WEST
15-18,MONDAY,8,WALKING,u0m709zj,NORTH
15-18,MONDAY,8,WALKING,u0m709g5,SOUTH_WEST
15-18,MONDAY,8,WALKING,u0m44yg2,NORTH_WEST
15-18,MONDAY,8,WALKING,u0m44z41,NORTH_WEST
15-18,MONDAY,8,WALKING,u0m4y30u,NORTH_EAST
15-18,MONDAY,8,WALKING,u0m4zyeu,NORTH_EAST
15-18,MONDAY,8,WALKING,u0m4y853,EAST
15-18,MONDAY,8,WALKING,u0m709cj,SOUTH_EAST
15-18,MONDAY,8,WALKING,u0m709c7,EAST
15-18,MONDAY,8,WALKING,u0m46f62,SOUTH
15-18,MONDAY,8,WALKING,u0m4seeq,EAST
15-18,MONDAY,8,WALKING,u0m46c2c,NORTH
15-18,MONDAY,8,WALKING,u0m4zsft,SOUTH_WEST
15-18,MONDAY,8,WALKING,u0m4zs9j,NORTH_EAST
15-18,MONDAY,8,WALKING,u0m4y8v6,WEST
15-18,MONDAY,8,WALKING,u0m4t5nr,EAST
15-18,MONDAY,8,WALKING,u0m709v5,EAST
15-18,MONDAY,8,WALKING,u0m44z1q,NORTH_WEST
15-18,MONDAY,8,WALKING,u0m709vs,EAST
15-18,MONDAY,8,WALKING,u0m47hvn,NORTH_EAST
15-18,MONDAY,8,WALKING,u0m4t509,NORTH
15-18,MONDAY,8,WALKING,u0m709f5,EAST
15-18,MONDAY,8,WALKING,u0m44zb5,NORTH_WEST
15-18,MONDAY,8,WALKING,u0m4yun6,NORTH_EAST
15-18,MONDAY,8,WALKING,u0m44yfw,NORTH_WEST
15-18,MONDAY,8,WALKING,u0m4ef7v,EAST
15-18,MONDAY,8,WALKING,u0m468p9,WEST
15-18,MONDAY,8,WALKING,u0m4zye2,NORTH_EAST
15-18,MONDAY,8,WALKING,u0m4z29s,NORTH_EAST
15-18,MONDAY,8,WALKING,u0m4zw41,EAST
15-18,MONDAY,8,WALKING,u0m47qv1,NORTH_EAST
15-18,MONDAY,8,WALKING,u0m4e9wd,NORTH_EAST
15-18,MONDAY,8,WALKING,u0m4e2ps,NORTH_EAST
15-18,MONDAY,8,WALKING,u0m44yfg,NORTH_WEST
15-18,MONDAY,8,WALKING,u0m4zzpu,SOUTH_WEST
15-18,MONDAY,8,WALKING,u0m46f47,NORTH_EAST
15-18,MONDAY,8,WALKING,u0m4zjn0,EAST
15-18,MONDAY,8,WALKING,u0m4ybyf,WEST
15-18,MONDAY,8,WALKING,u0m44z1s,NORTH_WEST
15-18,MONDAY,8,WALKING,u0m4tst5,NORTH_EAST
15-18,MONDAY,8,WALKING,u0m44yet,NORTH_WEST
15-18,MONDAY,8,WALKING,u0m7035d,SOUTH_WEST
15-18,MONDAY,8,WALKING,u0m4z6hj,WEST
15-18,MONDAY,8,WALKING,u0m7034b,NORTH_EAST
15-18,MONDAY,8,WALKING,u0m44z1w,NORTH_WEST
15-18,MONDAY,8,WALKING,u0m700x9,EAST
15-18,MONDAY,8,WALKING,u0m4zwpg,NORTH_EAST
15-18,MONDAY,8,WALKING,u0m4zs00,NORTH
15-18,MONDAY,8,WALKING,u0m700j6,NORTH_EAST
15-18,MONDAY,8,WALKING,u0m4wnxt,NORTH_EAST
15-18,MONDAY,8,WALKING,u0m70287,NORTH_EAST
15-18,MONDAY,8,WALKING,u0m709yk,EAST
15-18,MONDAY,8,WALKING,u0m4tsys,NORTH_EAST
15-18,MONDAY,8,WALKING,u0m44yec,NORTH_WEST
15-18,MONDAY,8,WALKING,u0m4sgz8,SOUTH
15-18,MONDAY,8,WALKING,u0m4yenb,NORTH_EAST
15-18,MONDAY,8,WALKING,u0m6bpdp,NORTH_EAST
15-18,MONDAY,8,WALKING,u0m4e8f8,NORTH_EAST
15-18,MONDAY,8,WALKING,u0m709b7,EAST
15-18,MONDAY,8,WALKING,u0m4z0xg,EAST
15-18,MONDAY,8,WALKING,u0m4y3vz,NORTH_EAST
15-18,MONDAY,8,WALKING,u0m468rk,NORTH_EAST
15-18,MONDAY,8,WALKING,u0m468ng,NORTH_EAST
15-18,MONDAY,8,WALKING,u0m4t7y6,NORTH_EAST
15-18,MONDAY,8,WALKING,u0m44z31,SOUTH_EAST
15-18,MONDAY,8,WALKING,u0m70dnb,WEST
15-18,MONDAY,8,WALKING,u0m709zj,NORTH
15-18,MONDAY,8,WALKING,u0m709g5,SOUTH_WEST
15-18,MONDAY,8,WALKING,u0m44yg2,NORTH_WEST
15-18,MONDAY,8,WALKING,u0m44z41,NORTH_WEST
15-18,MONDAY,8,WALKING,u0m4y30u,NORTH_EAST
15-18,MONDAY,8,WALKING,u0m4zyeu,NORTH_EAST
15-18,MONDAY,8,WALKING,u0m4y853,EAST
15-18,MONDAY,8,WALKING,u0m709cj,SOUTH_EAST
15-18,MONDAY,8,WALKING,u0m709c7,EAST
15-18,MONDAY,8,WALKING,u0m46f62,SOUTH
15-18,MONDAY,8,WALKING,u0m4seeq,EAST
15-18,MONDAY,8,WALKING,u0m46c2c,NORTH
15-18,MONDAY,8,WALKING,u0m4zsft,SOUTH_WEST
15-18,MONDAY,8,WALKING,u0m4zs9j,NORTH_EAST
15-18,MONDAY,8,WALKING,u0m4y8v6,WEST
15-18,MONDAY,8,WALKING,u0m4t5nr,EAST
15-18,MONDAY,8,WALKING,u0m709v5,EAST
15-18,MONDAY,8,WALKING,u0m44z1q,NORTH_WEST
15-18,MONDAY,8,WALKING,u0m709vs,EAST
15-18,MONDAY,8,WALKING,u0m47hvn,NORTH_EAST
15-18,MONDAY,8,WALKING,u0m4t509,NORTH
15-18,MONDAY,8,WALKING,u0m709f5,EAST
15-18,MONDAY,8,WALKING,u0m44zb5,NORTH_WEST
15-18,MONDAY,8,WALKING,u0m4yun6,NORTH_EAST
12-15,WEDNESDAY,8,WALKING,u0m716k8,NORTH
12-15,WEDNESDAY,8,WALKING,u0m716hs,NORTH
12-15,WEDNESDAY,8,WALKING,u0m716k9,SOUTH
12-15,WEDNESDAY,8,WALKING,u0m7167c,EAST
12-15,WEDNESDAY,8,WALKING,u0m716s8,NORTH_EAST
12-15,WEDNESDAY,8,WALKING,u0m716k2,WEST
12-15,WEDNESDAY,8,WALKING,u0m7167v,NORTH_EAST
12-15,WEDNESDAY,8,WALKING,u0m716se,SOUTH
12-15,WEDNESDAY,8,WALKING,u0m71673,NORTH_EAST
12-15,WEDNESDAY,8,WALKING,u0m716ts,EAST
12-15,WEDNESDAY,8,WALKING,u0m716e8,SOUTH_EAST
12-15,WEDNESDAY,8,WALKING,u0m716st,WEST
12-15,WEDNESDAY,8,WALKING,u0m7163z,SOUTH_EAST
12-15,WEDNESDAY,8,WALKING,u0m71667,WEST
12-15,WEDNESDAY,8,WALKING,u0m7166j,SOUTH_EAST
12-15,WEDNESDAY,8,WALKING,u0m716tm,WEST
12-15,WEDNESDAY,8,WALKING,u0m716dd,SOUTH_WEST
12-15,WEDNESDAY,8,WALKING,u0m716ey,WEST
